Day,Temperature,MC(%),pH,C/N Ratio,Ammonia(mg/kg),Nitrate(mg/kg),TN(%),TOC(%),EC(ms/cm),OM(%),T Value,GI(%),Score,Batch,Synthetic,Source
0.0,35.463,60.0,5.7345,26.7755,2515.0,325.49,1.80632,48.36512116,1.7846,83.38146888,1.0,32.8821,28.04209542,1,0,original
3.0,41.866,56.8814,7.1327,23.0494,3449.1,302.42,1.92498,44.36963401,2.4366,76.49324904,0.8608392,39.4615,36.18532839,1,0,original
6.0,59.134,53.0847,7.9646,20.4697,5197.6,243.4,1.83675,37.59772148,3.0118,64.81847182,0.76449366,30.5469,37.07403652,1,0,original
9.0,53.119,49.4237,8.177,18.75,1940.1,203.99,1.7855,33.478125,3.1566,57.7162875,0.700267035,63.1219,51.24693288,1,0,original
12.0,38.955,45.2203,8.0177,17.0303,814.4,200.52,1.91893,32.67995358,3.5596,56.34023997,0.63604041,79.4691,59.69828181,1,0,original
15.0,37.403,41.2881,7.5044,16.242,263.5,309.81,2.12992,34.59416064,4.0488,59.64033294,0.606599317,87.21,63.65957139,1,0,original
20.0,28.478,32.4746,7.4159,15.5255,167.7,420.59,2.24149,34.800253,3.7828,59.99563616,0.579839779,94.5193,67.3564732,1,0,original
25.0,26.925,25.9661,7.3451,14.9522,167.7,497.05,2.24961,33.63661864,3.5742,57.98953054,0.558428414,95.4555,68.58256116,1,0,original
0.0,35.56161086477332,59.88315765202477,5.7345,26.72390669273903,2499.105558087489,326.98230759431766,1.806652959072507,48.36512116,1.7950230718694615,83.38146888,1.0,33.08852732833522,28.218719176818727,1,1,smote_smogn
1.7857142857142858,38.63705088822593,58.2302354955462,6.457258070801846,24.879434692841464,2975.8916016825347,314.11304916070145,1.8689722834713305,46.55767415570186,2.0986174108846747,79.80112481878676,0.931346975428507,36.582903496999975,31.871739252374592,1,1,smote_smogn
3.571428571428572,41.99458326355044,56.94670003650436,7.132527607806889,23.12516699401575,3412.402332238915,301.8770999145499,1.9225720802640995,44.38724709844542,2.455083989143062,76.43723168966464,0.8590189042089356,40.41006589116212,35.88301909284361,1,1,smote_smogn
5.357142857142858,50.8023616104061,54.79436421295231,7.535140474133745,21.78417811228797,4283.671246009997,273.0766077216647,1.8797411759525295,41.00966190494203,2.705728439613109,70.79735848759508,0.8132881286147503,34.88148402674119,36.76588277110418,1,1,smote_smogn
7.142857142857143,59.08751437717029,52.791225804083055,7.97510588725332,20.34333783525895,5197.6,239.7912213800307,1.8354051373838127,37.59021066016831,3.019532751741126,64.60438303832474,0.7652781588170197,30.5469,37.01095373839981,1,1,smote_smogn
8.928571428571429,56.08001763653163,51.55875920603284,8.055206874868714,19.6330780313106,3613.83713964773,223.29614730794356,1.8061053988357496,35.34433914948246,3.113062647709779,61.30694260745827,0.7304681657243786,46.38956334394135,44.3620446025384,1,1,smote_smogn
10.714285714285715,53.43251541012919,49.37678408653199,8.177,18.722400044089287,1937.7113893357075,204.63840026603688,1.7865156409330898,33.47545002529535,3.143548148750827,57.94364367240958,0.7052613556209162,62.71392199868184,51.38052624621726,1,1,smote_smogn
12.5,46.18935604188056,47.336032240766464,8.072320274483202,17.84163305099046,1410.537673028006,204.93837484655927,1.8531103740785773,33.08511589273416,3.350638149745751,56.748668232347306,0.6694220823760961,71.25694225945091,55.452047991528175,1,1,smote_smogn
14.285714285714286,38.86179694769052,44.92423986227056,8.000735852905004,17.074140600988923,826.3956423772654,200.52,1.918947538264948,32.92846913009161,3.5609130611779727,56.372354019697774,0.6328515189596791,79.63970645519728,59.45923483356754,1,1,smote_smogn
16.071428571428573,38.286712483659095,43.14107823858278,7.763564393947562,16.710044704617644,517.5510647978642,253.69703860904175,2.0236204070238157,33.61764988618857,3.797565927953992,58.03548883031965,0.6230773316220857,83.47792011051972,61.2512903987723,1,1,smote_smogn
17.857142857142858,37.31099936107627,41.31114951675291,7.513832003670097,16.308747527827926,275.4876675445241,308.89897242354465,2.125065525070509,34.62458363548179,4.028367606026829,59.776318282876446,0.6039902810552124,87.6236654990564,63.53352174302461,1,1,smote_smogn
19.642857142857142,32.848040356014,36.64217558282598,7.462338787280167,15.823600863520904,266.6174189976033,366.8620724779755,2.1842622598663346,34.69370476289436,3.916703423454209,59.60283713923465,0.5953264225678515,90.87115210711907,65.74978075167633,1,1,smote_smogn
21.42857142857143,28.526035894884405,32.552669379650666,7.414422891822764,15.503337858622542,167.7,421.1869050769086,2.2403145489474783,34.682345521913746,3.768802502178637,59.76596425890105,0.5829411172147604,95.24619685160268,67.41691113324798,1,1,smote_smogn
23.214285714285715,27.32166339108593,29.09553834908252,7.376654177807348,15.26259260402656,219.5999890581413,457.8581277936977,2.24279832881292,34.33373477456353,3.684740314262649,59.08336657638544,0.5669372872921979,94.85504794726242,67.61784937458094,1,1,smote_smogn
25.0,26.925,25.9661,7.326215699454469,15.022120128416134,167.7,497.05,2.2490568181229795,33.712480874695906,3.5620851607602364,58.04118618231557,0.5610071871793116,95.4555,68.58256116,1,1,smote_smogn
0.0,35.269,57.8305,6.1593,28.2086,2515.0,302.62,1.72506,48.66152752,1.9569,83.89247344,1.0,33.3853,28.21951211,2,0,original
3.0,46.91,54.3051,7.4159,23.6226,3880.2,312.23,1.79568,42.41863037,2.7332,73.12971875,0.837425466,32.8398,34.83046892,2,0,original
6.0,62.435,50.1017,8.0885,18.6067,6299.4,222.16,1.95867,36.44438509,2.8492,62.83011989,0.659610899,32.0851,42.00541921,2,0,original
9.0,53.896,44.678,8.3186,17.0303,2802.4,189.28,1.92958,32.86132627,3.3479,56.6529265,0.603727232,64.3224,55.71012098,2,0,original
12.0,37.015,42.1017,8.3186,15.5255,1173.7,246.27,2.09253,32.48757452,4.0476,56.00857846,0.550381798,82.8707,64.48217964,2,0,original
15.0,30.806,40.2034,7.8584,14.5223,766.5,365.37,2.2075,32.05797725,4.2402,55.26795278,0.514818176,85.9631,67.06072613,2,0,original
20.0,30.03,33.6949,7.8053,13.949,215.6,432.02,2.36707,33.01825943,4.0029,56.92347926,0.494494587,94.1411,70.79458514,2,0,original
25.0,27.119,27.5932,7.646,13.3758,263.5,541.18,2.32719,31.128028,3.7272,53.66472028,0.474174543,94.2222,71.67351589,2,0,original
0.0,35.5978870097479,57.8305,6.1593,28.151611291684844,2490.1816624684648,305.47214523499633,1.7279713563528678,48.66152752,1.967726743786912,83.89247344,1.0,32.825462261204564,28.30556322208341,2,1,smote_smogn
1.7857142857142858,41.29126346186485,55.811135761934,6.788264021617075,25.716203609859114,3168.273991508824,304.74876261811426,1.7620295037981892,45.24697249894045,2.334900933466871,78.70189150342377,0.9215903584741244,32.69346236397241,31.200838179108366,2,1,smote_smogn
3.571428571428572,46.878786329830994,54.283210581705525,7.389525811303571,23.700043627623884,3866.895659380312,308.31924073033133,1.795318935682989,42.36958750939583,2.7673489720084343,72.72263780270653,0.8377337991407786,33.61424966419321,34.67337832491797,2,1,smote_smogn
5.357142857142858,54.71807214071587,52.18998908407789,7.751022133894026,21.02478724720315,5098.076506775805,269.11849279613256,1.87818419261724,39.398708738825405,2.7663619726706647,68.04643151922687,0.745665047107825,32.66867690701361,38.47019205465628,2,1,smote_smogn
7.142857142857143,61.94067721732513,49.905576760656686,8.088986792978043,18.60930332923468,6299.4,222.21658576452165,1.9598333540976869,36.28138372504035,2.834711330190874,62.78030588856709,0.6605361561400327,32.0851,42.26132832867904,2,1,smote_smogn
8.928571428571429,58.05467137994694,47.47670030372991,8.209495265611364,17.90660606844426,4590.925409096135,205.98026834620725,1.9410462718333117,34.73816232287718,3.1009314471548546,59.91622346042067,0.632201743439198,48.629063536260375,48.58493096702994,2,1,smote_smogn
10.714285714285715,54.19986349721504,44.81109964658966,8.3186,16.941862346352732,2827.190306353942,189.28,1.9273152680819856,32.73951113528517,3.3491542732102797,56.60681452895054,0.6055617981339657,64.98256443705944,54.99812768670068,2,1,smote_smogn
12.5,45.6790058584944,43.33808026697861,8.3186,16.285129732527427,1954.902890906927,217.2876444384823,2.0133016010921896,32.70308169527896,3.704597676218364,56.57061122076986,0.5742336548888146,73.36846949215804,60.151441599840446,2,1,smote_smogn
14.285714285714286,37.09030305073748,42.46769384553101,8.311432673895375,15.664103869815849,1173.574996034531,245.33386323703635,2.0934123829270064,32.78526023666512,4.069770634010038,55.88387666382466,0.5490907746804777,82.6514575658831,65.29182790380851,2,1,smote_smogn
16.071428571428573,33.90714853973457,41.09567480285526,8.07999191676713,14.800434018484466,1060.1508996843304,304.54079823696327,2.1587039678653586,32.10050156611786,4.1422183890042605,55.2270876309283,0.5342425034408403,84.13341578616291,65.70932705091727,2,1,smote_smogn
17.857142857142858,30.98734761856006,40.1238496184321,7.865095260980118,14.448576299339289,804.9780568362911,364.5895754837402,2.214387200536577,32.04209177327762,4.2402,55.46182181718,0.5188402474821037,86.4575149815945,67.07509494856798,2,1,smote_smogn
19.642857142857142,30.35392645520917,36.86443713347438,7.8255270431361055,14.153372771126282,474.3430376959226,397.85012216182633,2.291252518823777,32.494546227495256,4.113208430851456,55.94020220113324,0.5077710476542019,90.5514943334878,69.47347996169194,2,1,smote_smogn
21.42857142857143,29.650936604013094,33.54966681653775,7.791111769274355,13.931999089569862,275.6017678681408,430.3268086403467,2.3638308164073614,32.95388737350037,4.011154752746057,56.63214800386825,0.4947591772338501,94.2222,70.97536890371379,2,1,smote_smogn
23.214285714285715,28.573088408397208,30.5444924962845,7.75307946996321,13.658052936556928,224.831747499052,485.4859596215324,2.344729291112509,32.15444184251636,3.8605814738656057,55.29705933771829,0.4827629341931397,94.2222,71.30046867563676,2,1,smote_smogn
25.0,27.21079335955856,27.5932,7.642410070330952,13.3758,238.1496006375724,536.065670048596,2.322928920142404,31.246334287585864,3.722723356869242,53.66472028,0.4754766835622036,93.38494025538068,71.67351589,2,1,smote_smogn
0.0,34.104,57.9661,5.9292,26.9188,2203.6,322.22,1.77677,47.82851628,1.9952,82.45636206,1.0,35.2207,28.86663176,3,0,original
3.0,45.94,53.2203,7.2389,22.6194,3664.7,289.34,1.9656,44.46069264,2.8193,76.65023411,0.840282628,40.424,37.38491846,3,0,original
6.0,60.687,48.339,7.9646,19.3232,6682.6,267.91,1.88109,36.34867829,3.0693,62.66512137,0.71783289,55.028,47.65812903,3,0,original
9.0,52.149,43.5932,8.2301,17.8185,2634.7,246.47,1.74854,31.15635999,3.3671,53.71356462,0.661935153,72.7975,56.26240751,3,0,original
12.0,33.91,40.8814,8.2478,15.1672,1556.9,213.59,2.01867,30.61757162,3.7893,52.78469348,0.56344265,88.3518,65.86812895,3,0,original
15.0,32.164,38.7119,7.8761,14.379,526.9,334.31,2.25182,32.37891978,4.1445,55.8212577,0.534161998,90.2884,67.77624238,3,0,original
20.0,31.194,30.3051,7.8407,13.8057,239.5,430.4,2.32275,32.06718968,4.0985,55.283835,0.512864615,95.0149,70.33393276,3,0,original
25.0,26.149,26.6441,7.6814,12.8025,263.5,488.89,2.35305,30.12492263,3.8708,51.93536661,0.475596981,92.5264,71.01609094,3,0,original
0.0,34.09342166187112,57.85875742007874,5.9292,26.9188,2217.9730062405133,322.6773304956297,1.774397997333882,47.70084290439487,2.0035100582009213,82.06769684022079,1.0,35.394150732326345,29.01620725231354,3,1,smote_smogn
1.7857142857142858,40.16631729472487,55.43665549746475,6.574029742383509,24.818851179594443,2918.815390555392,306.7763733490191,1.879221947745032,45.96259182485965,2.424435224443551,79.46026186085335,0.9136790068838884,38.21695657330631,32.96164803275851,3,1,smote_smogn
3.571428571428572,45.69989400608495,53.30896104360504,7.221586732173209,22.58878800731869,3665.820638542257,289.64586185974895,1.9594135883277488,44.37814007811889,2.821840912598566,76.1516592045884,0.8395002854036582,40.70398756303667,37.377950971734776,3,1,smote_smogn
5.357142857142858,53.395282373933085,50.67579116304519,7.592575338118154,21.021624295518794,5223.491407439087,277.89327256196646,1.9139509473385303,40.39924653084109,2.953467035708284,69.33188008508999,0.7768992066203202,48.1886491702916,43.13439557732733,3,1,smote_smogn
7.142857142857143,60.687,48.4580380646816,7.964184188966552,19.41766249100613,6682.6,268.2281233863727,1.8829698925403868,36.37771147493131,3.0681397659320786,62.82153330895078,0.7146626565785669,54.7920650889422,48.15235355391594,3,1,smote_smogn
8.928571428571429,56.52331591785726,46.00426455896804,8.119875359097968,18.640755781869395,4660.460363756672,258.9497371347301,1.812670052280406,33.72373691377513,3.236819937901376,58.35097655301902,0.6889943092992871,64.49346525376156,52.08509401192652,3,1,smote_smogn
10.714285714285715,52.21084177678989,43.30812783118152,8.223602923131663,17.86172018025406,2581.684985541106,244.78748912792665,1.74854,31.198364233296815,3.35835461280082,53.80107824383976,0.6676250212657869,72.88460309813554,56.27327974244542,3,1,smote_smogn
12.5,43.55459193649974,42.52834560567722,8.241758994947972,16.583731593634617,2124.8932565590544,230.2479440701337,1.8866313415236744,30.73764280927332,3.6014851872508227,53.05022886804811,0.6147172370330418,81.48943751552423,61.09960741545658,3,1,smote_smogn
14.285714285714286,33.77361255071406,41.21915802797886,8.247593859178917,15.26682498194324,1582.0646862965386,213.59,2.019711600209048,30.78982928255331,3.7887807793843287,52.774879590086336,0.5616348079989005,88.04800185097878,66.04364735858998,3,1,smote_smogn
16.071428571428573,32.92344067792563,39.6814003353004,8.07686675792585,14.890861125287678,1126.2361124594154,275.90874230705987,2.1328350627582005,31.488444122979768,3.9484008505790578,54.30223457308279,0.5506146091501167,90.08532331986562,66.52957985499846,3,1,smote_smogn
17.857142857142858,32.030734799378244,38.63898338864607,7.907818152680529,14.434270635898736,514.9010340179012,331.8134190635358,2.246350100799657,32.51222597672135,4.1445,55.5829902421272,0.5385911061744606,90.37564026761522,67.70261076321802,3,1,smote_smogn
19.642857142857142,31.560205335575905,34.56226386826627,7.851736514811237,14.078111396972677,391.7437403558018,381.438898617767,2.291012436730864,32.2639457913948,4.112694369851448,55.86178479180889,0.5264398700422561,92.36450101311604,68.57773037059768,3,1,smote_smogn
21.42857142857143,31.05768801290846,30.368002650621765,7.834556537354655,13.818200131259518,249.2224104810165,431.0182694804796,2.3255278822810186,32.12168557335627,4.109369067122759,55.46430224365765,0.5130533514367583,94.80160020440758,70.44814458470034,3,1,smote_smogn
23.214285714285715,28.92578377683884,28.598455103388726,7.774156347357295,13.406895593334053,312.9982025779776,462.2109736403248,2.337476286718578,31.164035920964103,3.976211924378658,53.56415003075717,0.4921831745759716,93.62943897345696,70.86016502632339,3,1,smote_smogn
25.0,26.45278987654445,27.0221673544861,7.689959128118372,12.8025,259.7848319942713,488.7822319724212,2.35305,30.17833939187109,3.86503108915722,51.94089683771652,0.4778069317423716,92.71337490874394,70.87785844692799,3,1,smote_smogn
0.0,32.164,57.4237,5.2389,26.8471,2395.2,335.3,1.76569,47.403656,2.4163,81.72390294,1.0,37.1074,29.5318386,4,0,original
3.0,42.642,54.8475,6.8319,23.2643,4263.5,299.16,1.86218,43.32231417,3.2308,74.68766964,0.86654797,38.3426,35.55193412,4,0,original
6.0,62.045,52.1356,7.646,19.4666,7401.2,233.59,1.89956,36.9779747,3.5095,63.75002838,0.725091351,38.1081,41.38881694,4,0,original
9.0,52.925,47.5254,8.0354,16.242,3281.4,212.15,1.8557,30.1402794,3.7881,51.96184169,0.604981544,66.9373,56.57958491,4,0,original
12.0,36.045,45.3559,7.8938,14.5223,2155.7,220.13,2.11469,30.71016259,4.306,52.9443203,0.540926208,72.5405,61.23567963,4,0,original
15.0,32.164,43.0508,7.6991,14.0207,1413.2,308.18,2.33309,32.71155496,4.6325,56.39472076,0.522242626,84.3982,66.19828617,4,0,original
20.0,28.672,31.5254,7.5221,13.1608,958.1,399.34,2.44465,32.17354972,4.5388,55.46719972,0.490213096,92.7374,70.47884132,4,0,original
25.0,28.672,25.2881,7.4867,12.6592,694.6,487.25,2.40846,30.48917683,4.3302,52.56334086,0.471529513,90.0993,70.33056362,4,0,original
0.0,32.58986763424859,57.4237,5.2494964124909576,26.80080939608529,2397.69739512524,334.1561547718064,1.76569,47.403656,2.4190689161165038,81.72390294,0.9975932832217332,37.4324078312608,29.5318386,4,1,smote_smogn
1.7857142857142858,37.34600772417645,56.28842879753988,6.022708372104802,25.034125348047212,3314.835293469084,317.1259295481468,1.813294565935784,45.23520162663275,2.8388232973163694,78.54493522940005,0.9306161429080632,37.98360660371958,32.15251741752559,4,1,smote_smogn
3.571428571428572,43.01979936251752,54.86223025715647,6.807941065508892,23.155866356095245,4224.751988522175,298.2238037254575,1.8671106537343216,43.2087554685007,3.215814219744786,74.64257469508192,0.8695386067653873,37.97055576004794,35.81711862409113,4,1,smote_smogn
5.357142857142858,52.36459791723712,53.73194716795387,7.271210266507135,21.333226408243803,5852.177004949532,265.6924614007987,1.8783427605936047,40.14661021277515,3.348768995550768,69.2365816768809,0.7978839214046652,38.38188750653449,38.5587101721603,4,1,smote_smogn
7.142857142857143,61.89603443376456,51.98882475943528,7.629068031197068,19.371980510272543,7401.2,232.98005670874895,1.893723957700811,36.75406201264653,3.504061972588378,63.79669458863981,0.7295493239573028,38.35075329885648,41.46604819903172,4,1,smote_smogn
8.928571428571429,57.26825479630549,49.87464796231468,7.853215417722556,17.97415795826602,5270.919240792475,221.69610807271928,1.8836492777810605,33.79450869543043,3.6476188282855535,57.76636458872673,0.6607776135768128,52.43102416961127,49.22747430566642,4,1,smote_smogn
10.714285714285715,53.062704071646266,47.42206099557307,8.0354,16.246612950203662,3256.154209013058,212.65235568952065,1.854121932607944,30.1402794,3.8004187608610698,51.96184169,0.6032731589964123,66.67810636053679,56.34325841690462,4,1,smote_smogn
12.5,44.28482384866064,46.511507766677575,7.968360738795571,15.397713125792247,2605.7683113534963,215.09703836718677,1.989573836392896,30.420641605704365,4.065909779041105,52.708863566550434,0.5739098935336671,69.18053169817142,59.26016533873951,4,1,smote_smogn
14.285714285714286,36.062781872600645,45.45458930604892,7.89377679698939,14.501748442515767,2167.151628370879,220.15605494252748,2.1184885167579925,30.84361038777914,4.3222380034385095,52.75114244480336,0.537779073995061,71.78322615766791,61.19500363297488,4,1,smote_smogn
16.071428571428573,34.45093291238156,44.31744994096847,7.790690917987534,14.289535164130688,1795.5123222455045,262.9446086890117,2.2237410368613943,31.61228740855212,4.472947483874799,54.40800579519088,0.5337661703113088,77.62049463094147,63.97507993895327,4,1,smote_smogn
17.857142857142858,32.096882114059824,42.84105481083832,7.706043252681719,14.245696028236209,1382.223798250522,305.6315973803493,2.332221284546079,32.44851337411352,4.6325,56.52868943175717,0.5264063886794157,84.65071147498078,66.41160977978744,4,1,smote_smogn
19.642857142857142,30.70548101277919,37.11378564230159,7.604036629927921,13.563352951595,1206.740409921876,355.2755148675021,2.386918584886641,32.39172531459975,4.577086382638652,56.15897554292096,0.504244429326117,88.63216491934331,68.03683966926532,4,1,smote_smogn
21.42857142857143,28.672,31.3874196714077,7.539553488011018,13.101429771071016,908.0207830909887,400.16969237898826,2.4445742830289605,32.073617275051376,4.541051501601056,55.37830095477143,0.4903443095605358,92.52656312304592,70.47884132,4,1,smote_smogn
23.214285714285715,28.672,28.359949745357397,7.5129066062916925,12.958350818456044,788.6092843447084,447.0964003788921,2.4308563743790708,31.071328671885155,4.418572041389644,53.92939570585457,0.4858204443977194,91.27390683591568,70.47884132,4,1,smote_smogn
25.0,28.672,25.305181099898903,7.495672806325312,12.6592,710.8905218096183,485.5160069724725,2.404490834791376,30.52172036025408,4.331038125301435,52.61898382237641,0.4776470812886172,90.191019575624,70.33936776011117,4,1,smote_smogn
0.0,28.207,75.06,4.2814,20.9961,1174.3307,423.4865,1.523330523,31.984,1.8654,85.53,1.0,32.8821,28.04209542,5,0,original
3.0,40.095,75.06,7.7641,18.0,3052.7105,476.162,1.437888889,25.882,2.2212,80.53,0.85730207,39.4615,36.33334733,5,0,original
6.0,23.881,77.771,8.1862,17.5554,921.6814,653.1363,1.146086105,20.12,2.5481,75.076,0.836126709,30.5469,34.07639467,5,0,original
9.0,18.262,76.687,8.3421,17.0,959.8679,532.2974,1.178235294,20.03,2.7788,72.803,0.809674178,63.1219,46.66855134,5,0,original
12.0,19.195,79.217,8.2317,16.2604,957.8126,624.9962,0.933187375,15.174,2.7115,70.758,0.774448588,79.4691,53.90628841,5,0,original
15.0,23.214,79.036,8.1784,16.0,884.9223,562.2239,0.850625,13.61,3.2404,70.0,0.762046285,87.21,57.15455249,5,0,original
18.0,28.548,76.506,8.1633,15.272,1261.2857,685.1596,1.085777894,16.582,3.5962,69.091,0.727373179,94.5193,61.1826149,5,0,original
24.0,20.525,77.229,8.5323,14.8965,510.3792,717.9497,0.849729802,12.658,3.6635,69.091,0.709488905,95.4555,62.261104,5,0,original
30.0,18.809,74.337,8.5018,14.7126,468.0153,786.1706,0.832619659,12.25,3.1154,68.106,0.700730136,97.99,63.52124006,5,0,original
0.0,28.086215882067016,75.06945811341733,4.28880627367453,20.9961,1184.5802397111274,424.8394608250472,1.523330523,31.815856878275603,1.8654,85.42673306902986,0.9981717309048624,33.35352855911615,28.04209542,5,1,smote_smogn
1.875,34.08998863462435,75.02561993845487,6.033082979888031,19.52186110685472,2092.8110463105777,448.5187904997194,1.4830850653590115,28.8973296449561,2.02679044809454,83.01626946387434,0.928824569849318,36.68499255682589,32.13559407758529,5,1,smote_smogn
3.75,40.095,75.09463198678904,7.777507066059098,17.985383908740655,3039.209819798428,472.50826822495407,1.4380845999442842,25.795231246986862,2.201533788049304,80.53803932605382,0.8572489511988935,39.11754299261626,36.25863619203409,5,1,smote_smogn
5.625,32.05408284225274,76.40195205073161,7.998589917859701,17.794921207547844,1973.5143458462317,565.669451331074,1.2995957866106114,23.037819967305747,2.3673723849466,77.77947825292871,0.8463817105634738,35.71838694368796,35.39397113782047,5,1,smote_smogn
7.5,23.8521206460754,77.77686568952224,8.19485649907532,17.54668891698571,933.8575535157396,655.87796376183,1.1432913238654248,20.27463434574623,2.5510134566809484,75.0080044938148,0.8359212392309018,30.5469,34.39419909156971,5,1,smote_smogn
9.375,21.027162499706847,77.23726049683121,8.259053973675158,17.302496462396476,962.6924913458512,592.4425186437842,1.1630342011495154,19.85868012867221,2.6689984853798108,73.95714263732053,0.8198922703641779,46.98246919838365,40.71098443407797,5,1,smote_smogn
11.25,18.262,76.67945049319198,8.356306609494506,17.02065338415207,958.5296072932458,534.199227513712,1.1749026915540492,20.043269406970985,2.7615545076567765,72.84923055208984,0.8087970303189083,63.25541748039873,46.53220218943469,5,1,smote_smogn
13.125,18.61700970516578,77.96910762363925,8.327030740596095,16.598804166833702,956.6771617160432,581.8647211416687,1.0497863721724103,17.583527082818744,2.7549118689336165,71.66643547256278,0.7922097974214857,71.22661386719871,50.23667486031394,5,1,smote_smogn
15.0,19.39024796550777,79.20315210693896,8.228898409873475,16.29684847413999,958.7101682183117,627.6206173415528,0.9304414303013406,15.251445782351098,2.70623142255554,70.90559489298087,0.7747041216227136,79.88495860882719,53.49798456366492,5,1,smote_smogn
16.875,21.165541622536924,79.15190648325466,8.184465256279497,16.112211628480566,936.254428383266,596.8832297408436,0.8917399466780587,14.416594360217228,2.9775510198902526,70.36868688716584,0.7666046773431581,83.7465255161266,55.33496340897695,5,1,smote_smogn
18.75,23.361116071165885,78.99675207589063,8.201784593717166,16.027120588199004,873.0402586266836,563.7051007365981,0.8486980635380884,13.523252827823928,3.2579839248639857,70.00197182240709,0.7640695441630014,86.31318863540083,57.388569179627694,5,1,smote_smogn
20.625,26.06487912234196,77.77468514935241,8.168307218169957,15.648327147883066,1076.1581872459858,623.8423068286439,0.9650934937751786,15.05919394219612,3.428081511828386,69.61958493384131,0.7433251342738659,91.53363814034888,59.56042978948438,5,1,smote_smogn
22.5,28.668664296905224,76.56253795471457,8.117407233533468,15.333694377108342,1273.7807659646485,681.9622613093663,1.0794655940793103,16.490170467674446,3.5932712304174133,69.11539628605124,0.7289228756209543,93.66661801806045,60.8832339102869,5,1,smote_smogn
24.375,24.48433071920705,76.8383309653641,8.36569988044868,15.0767498819425,892.2528970116443,701.0635377004936,0.9673808260379864,14.744128169294962,3.6201300790062914,69.19070577009784,0.7191139206858498,95.51698663879188,61.57816220174578,5,1,smote_smogn
26.25,20.573798232675134,77.20923738132228,8.520992393895792,14.884775990902298,512.8082817909541,716.2666772132924,0.842975817538443,12.660458511509274,3.6400309042230248,69.12103550066857,0.7084558977894813,96.03338017990195,62.25469950461577,5,1,smote_smogn
28.125,19.664075514412623,75.79798523089066,8.515137687660621,14.803898225912318,502.0235085739373,756.3931008621565,0.8445862654650789,12.673321332394234,3.381606447008789,68.53443411699588,0.707947390279012,96.16319998433671,62.95912277465361,5,1,smote_smogn
30.0,18.699770951374727,74.34223649223865,8.508812339179805,14.7126,468.0153,785.8195522379024,0.8329896924094916,12.25,3.1130972765445395,68.14381618090343,0.700730136,97.77929586200526,63.32487750109053,5,1,smote_smogn
0.0,33.326,59.699,5.0608,17.7629,1757.4671,570.7682,2.049665314,36.408,2.4519,78.485,1.0,33.3853,28.21951211,6,0,original
3.0,49.143,58.434,8.0304,16.0,4050.8389,345.5596,2.447,39.152,2.8846,71.818,0.900753818,32.8398,32.18035529,6,0,original
6.0,40.192,53.554,8.9849,14.5737,5343.5666,487.9349,1.917563831,27.946,3.7885,68.712,0.820457245,32.0851,35.2744515,6,0,original
9.0,21.001,52.289,8.9505,14.0,882.6709,609.0691,1.795285714,25.134,4.0481,67.727,0.788159591,64.3224,47.99214491,6,0,original
12.0,22.047,51.205,8.8401,13.3348,841.7777,716.9718,1.784353721,23.794,4.3173,66.591,0.750710751,82.8707,56.09897578,6,0,original
15.0,27.977,48.494,8.977,13.0,1059.6616,727.1638,1.552923077,20.188,4.5865,64.697,0.731862477,85.9631,57.97803189,6,0,original
18.0,29.977,43.253,8.9238,12.6692,1050.7842,553.6052,1.86389038,23.614,4.9423,62.652,0.713239392,94.1411,61.64072958,6,0,original
24.0,23.024,42.53,9.2546,12.157,945.2895,2076.4053,1.750102821,21.276,5.0288,61.591,0.684404011,94.2222,62.87600327,6,0,original
30.0,22.024,38.373,9.3195,12.0268,901.1905,2082.5363,1.829580603,22.004,5.1154,61.136,0.677074126,96.13,63.85538454,6,0,original
0.0,33.318940600336795,59.699,5.0608,17.7629,1725.58142076505,584.8146318372208,2.0538666203299574,36.34983595205133,2.4657485507831827,78.485,1.0,33.78833243179878,28.418105954420312,6,1,smote_smogn
1.875,41.326595871270776,59.03587354398033,6.533456413388085,16.900505957003382,2917.962938449624,451.1844380730988,2.251750580644027,37.89640018847652,2.6640015299362965,75.16163253093764,0.9493718718538228,32.591176512100404,30.48584766036798,6,1,smote_smogn
3.75,49.143,58.399983206103904,8.028611237462167,15.997172387430032,4071.8404273328815,350.3496631369057,2.445725527017769,39.152,2.903732214418933,71.66516294849525,0.9017664780455644,32.94038867424815,32.67798939858122,6,1,smote_smogn
5.625,44.63222354291778,55.756547356805726,8.50332533422422,15.245435865413226,4692.678781813343,398.1325457760034,2.1884708361294125,33.63900984392752,3.31862156304206,70.34129369240523,0.8581694120757433,33.14949032336637,33.74534328404643,6,1,smote_smogn
7.5,40.08054054518015,53.5966945173662,8.958356408632875,14.541673584490102,5317.894051870891,504.1820652228718,1.9157856879453397,27.830274206613936,3.7682765173006136,68.8053681934536,0.8181653384643356,33.03223363285383,35.10989489523713,6,1,smote_smogn
9.375,30.48296330684692,53.00168861587589,8.977348121758041,14.314525032381589,3112.537936255452,533.8325027713504,1.8548418895940904,26.591368600558656,3.93287495973428,68.29679725292549,0.8062927808001027,48.22454189916019,41.37544805801832,6,1,smote_smogn
11.25,21.001,52.14812547583785,8.95849434336318,14.04638214406311,868.3607602546803,600.7012725483124,1.780059896096727,25.147304825119143,4.057882664901687,67.73020670796353,0.7899177152108866,64.19852056701906,47.70874790997431,6,1,smote_smogn
13.125,21.582097111215027,51.72684420454943,8.896333215881562,13.706547748782883,841.7777,655.9768461876505,1.7916137294367174,24.591922135986824,4.174932113830672,67.06699967401275,0.770623327112233,73.73661073873689,52.36702185169332,6,1,smote_smogn
15.0,21.876526262274933,51.20989750862372,8.847248790923647,13.342532930677256,851.7473824766814,698.9857248846027,1.7785399862646023,23.724374340826262,4.29813677532989,66.36881761953619,0.7508757112094129,82.99754361301422,55.70927154534223,6,1,smote_smogn
16.875,25.079434537232828,49.92511554892022,8.899420739829063,13.127324606639291,928.4273710998444,722.4516812265032,1.666222915783529,21.78844371871795,4.476535960634776,65.65911120290507,0.7368024669330671,85.13888134738026,57.35172619675619,6,1,smote_smogn
18.75,28.21928859461036,48.494491934919445,8.942157741763111,12.999788434678193,1013.595817179175,729.6845129331608,1.552923077,20.27188991729589,4.557469751734834,64.80110105488808,0.7317220687246735,85.4443532684448,57.75465641186678,6,1,smote_smogn
20.625,29.032849590145016,45.6631325883394,8.934961689499852,12.886637480189428,1015.6929763980032,638.1523875366997,1.7068004236337992,21.59006133088583,4.754300338522395,63.77028699642354,0.723402624331406,89.90639098789427,59.6331358813932,6,1,smote_smogn
22.5,29.913626545828944,43.184451570915975,8.927183369380625,12.689801357734195,1003.6328857594716,535.454419656589,1.8658372548517288,23.52509341182636,4.946157696355242,62.73051995686642,0.7122366536724677,93.55948795094038,61.6017473450684,6,1,smote_smogn
24.375,26.277907992950208,42.92055576014293,9.092705943380432,12.406189088167734,1005.3160865297558,1338.3781201387233,1.807045467801204,22.3206429869072,5.015965216682681,62.11435965354456,0.6974856236732825,93.6547277868389,62.07737639095545,6,1,smote_smogn
26.25,23.294600636776103,42.63885324504238,9.255491413789152,12.177939008252585,949.712869892612,2082.5363,1.7532153335387026,21.150823923739136,5.035265599542769,61.69563237532034,0.6871126057823159,94.41825396318124,63.11572181894263,6,1,smote_smogn
28.125,22.32337509951538,40.371607564022646,9.298870621443424,12.049617451800367,926.1962598602926,2082.5363,1.7953928092255498,21.548964303097392,5.08020612327283,61.45241993788811,0.6806260138457916,95.59773248945277,63.832111956025216,6,1,smote_smogn
30.0,22.16950436366031,38.655976551073856,9.306980583385716,12.0268,918.475476713873,2073.048630185273,1.8279630505936089,22.15195700262346,5.105790485634516,61.136,0.6779269634658921,95.79191024845834,63.68628356758275,6,1,smote_smogn
0.0,32.374,60.422,5.2507,26.9789,1628.0086,290.8334,1.214949461,32.778,1.5192,89.242,1.0,35.2207,28.86663176,7,0,original
3.0,52.12,57.349,7.4598,24.0,1353.7675,195.5715,1.7825,42.78,1.8269,86.515,0.889584082,40.424,35.32179109,7,0,original
6.0,44.953,56.988,8.3764,23.637,809.3781,297.2497,1.297457376,30.668,2.25,84.091,0.876129123,55.028,41.03387639,7,0,original
9.0,33.739,54.458,8.6651,22.0,1902.6988,379.9352,1.065090909,23.432,2.0,82.727,0.815452076,72.7975,49.8381556,7,0,original
12.0,23.954,52.651,8.441,21.671,849.289,591.2938,0.946241521,20.506,2.1635,81.742,0.80325736,88.3518,55.83255706,7,0,original
15.0,35.0,49.217,8.2926,20.0,1962.1508,717.4002,0.8846,17.692,2.3077,80.227,0.741320069,90.2884,59.10725913,7,0,original
18.0,37.0,47.771,8.4105,20.394,2091.1665,670.0596,0.712954791,14.54,2.5865,78.561,0.755924074,95.0149,60.16257726,7,0,original
24.0,24.93,46.867,8.7414,19.0404,836.7061,679.4438,0.80775614,15.38,2.3942,76.515,0.705751532,92.5264,61.38476958,7,0,original
30.0,20.596,42.349,8.768,18.5281,575.6043,719.1375,0.777413766,14.404,2.2981,74.773,0.686762618,95.22,63.1291034,7,0,original
0.0,32.44612939686522,60.39940538240896,5.253849871852179,26.886478942848004,1627.6421389445254,296.9214527487292,1.2211573114142231,32.8791330941962,1.5227135238624876,89.22213203908319,0.9999451242725216,35.2207,29.081047993740007,7,1,smote_smogn
1.875,42.09542510783998,58.79766544370222,6.365391277585839,25.50591520125656,1489.6341391721478,240.01542536497377,1.5069580336721091,37.32065180755371,1.6685609613823256,87.87341866796167,0.9433111450997688,38.58656192274402,32.01161631789184,7,1,smote_smogn
3.75,52.12,57.28142845022781,7.438250962612637,23.92631262956697,1356.880069783202,201.53865864399395,1.7779430059338186,42.72625567744782,1.83189714826791,86.5544435862826,0.8905844520897565,40.28281625148641,34.93781084298816,7,1,smote_smogn
5.625,48.65934995762152,57.05558871703816,7.901693074174352,23.82298980757924,1094.917403845733,248.35710962609275,1.5370001253381456,36.76772676246835,2.034925045052599,85.3749463967302,0.8797394489060647,48.531394860373005,37.96949839288788,7,1,smote_smogn
7.5,44.8750122023184,56.90668044485656,8.387347390488484,23.624594087482684,819.463389541106,291.8006933405068,1.3050118634986556,30.45943993085624,2.251412963151046,84.03754390614536,0.8755014047853216,55.38581349732436,41.3860851010458,7,1,smote_smogn
9.375,39.26159619643205,55.68460675812328,8.503366467869554,22.85048118394631,1343.8046567351412,340.02410483147514,1.1916159110292175,27.1200005490995,2.1295784953336634,83.31001283479935,0.8463161694845207,64.12461465432783,45.37426959811555,7,1,smote_smogn
11.25,33.79120536224106,54.31235062081874,8.673590724318355,21.9857765214787,1908.4983460634717,371.7575340742954,1.0685455880724597,23.394950468987595,1.9998124019090984,82.64127115271809,0.8157729512870566,72.95955540927385,49.78330719402758,7,1,smote_smogn
13.125,28.92803312172121,53.55611842204077,8.527989912479923,21.81998613364241,1388.3835187278476,488.0502766803689,1.000266357854828,22.287086579678988,2.084287995173066,82.1944178841749,0.8140552931001992,80.74772091265764,52.76778554264763,7,1,smote_smogn
15.0,23.98872880472916,52.74449686526384,8.456547313446576,21.70546416934003,852.8952080930421,594.7409599803259,0.9584371007824786,20.791026141143,2.1606177083292475,81.71304748266401,0.8038679209846342,87.50460258619434,56.26166852805975,7,1,smote_smogn
16.875,29.53179879353558,50.839935382459664,8.344207440572063,20.851278055584725,1415.8910886585286,652.0403200144026,0.9121619286964316,19.01459752127677,2.2345034827808616,80.92115253189677,0.7705361801368833,89.19753287277652,57.8363301368832,7,1,smote_smogn
18.75,35.29923873356451,49.37443309088726,8.302723840267001,20.014887947259485,1980.91115707214,717.8813043002239,0.8825430931820192,17.664668689287527,2.3065510595199266,80.12036866426851,0.7411534402389756,90.65984049000669,59.60727790412082,7,1,smote_smogn
20.625,36.18862073874904,48.54692992050156,8.363018021642258,20.21909805309351,2036.202673599888,701.3395404503543,0.8008784926169923,16.102600937715895,2.442933204822251,79.35647500365512,0.74552170948129,92.63016006035696,59.59907616344808,7,1,smote_smogn
22.5,37.0335570489917,47.87779207781932,8.3977279424438,20.32168911588078,2091.1665,668.0901831495884,0.7224934444888135,14.45816074805873,2.5855133899089964,78.57592594252787,0.755783390584232,94.3973297669254,60.22919845674362,7,1,smote_smogn
24.375,31.130696264090105,47.25083306589783,8.58661873920188,19.75283756968118,1473.6796389173392,670.6282318144358,0.765596739707946,14.995337903099989,2.4817068679164325,77.58695299049208,0.7293837392758875,93.74761864318305,60.43188664143188,7,1,smote_smogn
26.25,24.748247710273528,46.95554865482665,8.746173992703753,19.06924147173632,838.0568863667697,685.2135120848401,0.8103023753819276,15.242601715332311,2.3914587778970438,76.46914088379548,0.7073493065818084,93.27534139268906,61.71760783503385,7,1,smote_smogn
28.125,22.83304598365698,44.49485029420192,8.744822850811481,18.736373866547595,706.3780475939178,706.9331165763746,0.7954283845372063,14.687136118849162,2.3445600559070154,75.6100227272405,0.6952978759502925,94.42119941028125,61.99376860574275,7,1,smote_smogn
30.0,20.91448712727828,42.441250311828085,8.749512859543273,18.5281,575.6043,719.1375,0.7776808371081934,14.51683328133122,2.296670212272722,74.773,0.686762618,95.19274971022396,63.1291034,7,1,smote_smogn
0.0,35.588,58.976,5.0227,25.2963,2003.8321,288.6134,1.506465372,38.108,2.0288,87.576,1.0,37.1074,29.5318386,8,0,original
3.0,54.739,56.265,7.555,23.0,1808.0481,237.9469,2.022782609,46.524,2.9135,81.894,0.909223879,38.3426,33.76606723,8,0,original
6.0,50.19,50.12,8.3193,19.4682,4551.6514,604.1393,2.309407136,44.96,3.3269,77.424,0.769606622,38.1081,39.52597788,8,0,original
9.0,33.262,43.976,8.3992,17.0,1674.6551,482.9906,2.932823529,49.858,3.4519,74.848,0.672035041,66.9373,53.77358444,8,0,original
12.0,24.666,42.53,8.2126,15.5526,798.2224,797.8202,3.010300529,46.818,4.0577,74.242,0.614817187,72.5405,58.14354977,8,0,original
15.0,26.072,39.819,8.0075,15.0,702.1051,761.7452,2.895866667,43.438,3.9327,72.879,0.592972095,84.3982,63.23845661,8,0,original
18.0,34.024,35.301,7.7452,14.1224,1397.8563,678.5128,2.651815555,37.45,4.4231,71.439,0.558279274,92.7374,67.63046298,8,0,original
24.0,21.119,26.988,7.5816,13.3044,797.774,985.1364,2.289768798,30.464,4.1442,69.091,0.525942529,90.0993,68.05353178,8,0,original
30.0,20.118,21.566,7.5132,12.9448,505.4937,1147.5471,2.102774859,27.22,3.9327,67.576,0.511727011,94.2,70.09422336,8,0,original
0.0,35.435516421256125,58.976,5.03924710602176,25.2963,2000.203072213683,291.3172118580921,1.5220321904710852,38.33350755144011,2.035724495057345,87.576,0.996478356199736,37.37967481277568,29.5318386,8,1,smote_smogn
1.875,45.45165964820985,57.514633095721706,6.290444900882669,24.105181191886484,1888.692829476304,268.3734928108232,1.7484455111628885,42.44343558640798,2.467038472788317,84.64724145442817,0.9583654961177446,38.96283199171938,31.99082091210173,8,1,smote_smogn
3.75,54.479302527611736,56.07806683468709,7.546700911322416,22.844532066825685,1779.267452040683,237.9469,2.01587009917019,46.28499163683419,2.91320694430209,81.96312126252657,0.9145939478524454,38.386966418138826,34.08976318241618,8,1,smote_smogn
5.625,52.76117609996941,53.142513250370406,7.942822508839564,21.186333254380106,3216.170214517912,427.2323597534867,2.176180527751712,45.99590575414005,3.117790734408533,79.63265447965726,0.8430215380313363,37.84866682808535,36.42141945138069,8,1,smote_smogn
7.5,50.085500022566926,49.868077652504994,8.318075041035863,19.52123941188952,4533.148409993484,606.66129208371,2.311255016857001,45.08752623454043,3.322724338464196,77.30656146013303,0.7657509601912784,38.74279133102135,39.41284015045126,8,1,smote_smogn
9.375,41.74217788414433,47.12458981555885,8.330691358733153,18.17341234996304,3146.6868002209853,539.9223258009483,2.6292927667767447,47.30260490941625,3.390384868433188,76.10524782529563,0.7147228123556411,51.81167149945738,46.389847813546766,8,1,smote_smogn
11.25,33.18789459158088,43.89289202793156,8.3992,16.999143532460813,1656.2712762514475,490.32665722220526,2.937606640623296,49.858,3.44836049651938,74.73825700592377,0.6742288374669952,66.31573541626794,53.86617684420553,8,1,smote_smogn
13.125,29.246509205882383,43.14017533655384,8.289107250352425,16.224816831432246,1247.6720334477202,634.4290931020289,2.9845112003161063,48.19390059607792,3.773533516296144,74.6590298950865,0.6410729928114443,69.47257913816324,56.449573587268205,8,1,smote_smogn
15.0,24.9056329320987,42.39790715166786,8.227991384369068,15.401305145950436,773.8858725836936,795.8482871132727,3.010300529,46.90394155579969,4.029061267495977,74.45116921386126,0.6157059912059125,72.41390245355974,58.34280479183944,8,1,smote_smogn
16.875,25.466704996608872,41.150874768924105,8.106068031912082,15.22340766848978,761.3586322525176,778.7027043650502,2.958929542739853,44.94514066046062,3.988115107745575,73.58742983447023,0.6086466024821885,78.1923023910943,60.984613490750455,8,1,smote_smogn
18.75,25.81823932357785,39.837567436867495,8.020348892121465,15.05270838507223,695.1411205799973,764.9133631361457,2.8894849958925297,43.3257203918478,3.921404304618533,72.89124030964702,0.5909385293570868,84.38409759552073,63.4708356344106,8,1,smote_smogn
20.625,29.890478155216424,37.44434985074106,7.865969384009282,14.37560166772975,1043.296300057713,725.9679561539754,2.779007561985923,40.54262502954139,4.180743997579054,72.17576763964438,0.5744569865352404,88.69075257525036,65.43442601841227,8,1,smote_smogn
22.5,33.79740095591041,35.22120515023999,7.746351836716034,14.142145508166276,1410.904069536413,684.0238455770534,2.6483251047699268,37.59904795756359,4.4231,71.56904431061932,0.5591358534895559,93.21578107833824,67.93757154796552,8,1,smote_smogn
24.375,27.0762261759418,31.1263681177236,7.683334470304438,13.620526994631948,1087.7806976795853,832.995854821411,2.466799651167362,34.00221045630521,4.304705636983512,70.39267548392671,0.5380945376444295,91.45915860250896,68.05320085885087,8,1,smote_smogn
26.25,21.39687283598707,26.947427508984525,7.577168906295582,13.352042955477188,767.2273693877119,983.669275954018,2.2976526206347736,30.42424477784289,4.169525307223279,69.0782782476021,0.5235966302570821,89.84781765378442,68.46159013061144,8,1,smote_smogn
28.125,20.546279318449077,24.283911754596684,7.537668383259095,13.180533451951725,667.917394675304,1056.7832744284476,2.204216449004382,28.548197784760543,4.028415581420052,68.3612845859376,0.5189117149232051,92.60372439484684,68.94360326998185,8,1,smote_smogn
30.0,20.118,21.566,7.523989471423037,12.9448,505.4937,1140.6679436738368,2.1176525036210063,27.22,3.9327064907117446,67.64779031394971,0.511727011,93.83405573537172,69.60149830524794,8,1,smote_smogn
0.0,31.4,74.62,5.79,30.21986971,339.0,280.3,1.662,40.811,4.88,86.58863004,1.0,22.47,24.37102947,9,0,original
5.0,66.4,69.52,5.98,24.55535499,1044.0,416.9,1.228,37.11,4.35,51.9854545,0.812556613,51.19,42.34101718,9,0,original
12.0,40.9,38.51,6.62,17.11312922,916.0,679.2,1.927,32.977,4.25,56.85234801,0.566287326,80.83,63.0970743,9,0,original
20.0,32.5,32.68,6.85,14.25208333,403.0,663.8,2.4,34.205,5.54,58.96941999,0.471612997,99.58,73.66974588,9,0,original
25.0,37.1,35.35,6.65,12.00188324,675.0,544.8,2.655,31.865,3.88,54.93526,0.397152051,76.97,68.81396356,9,0,original
30.0,33.4,20.85,7.09,12.41470811,589.0,643.9,2.638,32.75,3.25,56.46099999,0.410812761,80.03,69.32118655,9,0,original
0.0,31.599780659372065,74.62,5.79,30.21986971,339.0,282.6448782408227,1.6680743352971112,40.80078331725519,4.8855227551035,86.58863004,0.9997314481132524,22.47,24.37102947,9,1,smote_smogn
3.0,48.910769007434624,71.7665887542545,5.877259142291595,27.42978390523547,689.7255745167705,345.0017231594774,1.4385402428331833,38.90510129530971,4.604747860575132,69.51103761381822,0.906580840099345,37.95994095120334,33.46465321312459,9,1,smote_smogn
6.0,66.4,69.28722037081398,5.990451107074287,24.52681662495945,1044.0,417.821231946928,1.228,37.10804095057058,4.351854645933427,51.9854545,0.8128604870753162,51.31038535354329,42.64577758064616,9,1,smote_smogn
9.0,53.87394734616481,53.71763516695957,6.296659331864293,20.73087408012618,980.475953347683,542.8650540155562,1.5850790103045214,34.9981158455585,4.3045215290177055,54.55625427005946,0.6887982423676544,66.58988172814429,52.64630497481159,9,1,smote_smogn
12.0,40.94676480351286,38.1211475968924,6.629007656402767,17.022912297874733,915.2346407721228,679.2,1.9312931516510867,32.91465721047088,4.250089135003125,56.96322911457589,0.5712346470411399,80.76102001974294,63.444960345496135,9,1,smote_smogn
15.0,36.88844730319978,36.36989720266972,6.740093428174365,15.939768432783184,661.1915448393878,676.4740642406605,2.166217358512706,33.60547485201156,4.869092212865937,57.88418891852862,0.5186026100871837,90.44750237305846,68.85783592120345,9,1,smote_smogn
18.0,32.43798824125776,33.16553501495497,6.869422302267222,14.252168994045425,405.9609348349111,661.3155647519711,2.39654627707378,34.21690506111198,5.54,59.03302537736883,0.4669652506940294,99.58,73.37047470951998,9,1,smote_smogn
21.0,35.07349004018124,34.71535176649897,6.73752659770849,13.225106541894762,542.1394902634771,602.1132318724484,2.531268813304328,33.07881014138026,4.737472991606803,57.14567183363691,0.4327488021836297,88.82887641890564,70.96851572553794,9,1,smote_smogn
24.0,37.166869503405785,34.90401417372861,6.6606167725237855,12.00188324,670.7871449966851,546.8025288572237,2.653739869303476,31.865,3.875529393426555,55.099080594154415,0.3978938942245858,77.45075349925287,68.76811694959272,9,1,smote_smogn
27.0,35.2904511674144,28.12598601026317,6.879665804196112,12.110458089390946,630.7856567244912,590.3063034979923,2.651162429534727,32.33033491208414,3.5559594687521607,55.48347127509094,0.4090854368873577,78.89656168781507,69.16804160699856,9,1,smote_smogn
30.0,33.13524896081255,20.85,7.081793306135606,12.55045008791464,594.1058462710089,642.2415434352706,2.632939095326862,32.78082300304122,3.254635868001272,56.61502547726185,0.413316481948211,79.88673956007644,69.14986252919294,9,1,smote_smogn
0.0,27.6,75.13,6.05,25.2318314,951.0,323.5,1.376,34.719,7.58,59.85555601,1.0,13.45,21.19078583,10,0,original
5.0,67.9,59.39,6.43,23.80758017,1181.0,432.4,1.372,32.664,4.25,56.31273599,0.943553395,77.93,46.28707623,10,0,original
12.0,59.7,43.55,6.55,23.95486381,480.0,506.7,1.285,30.782,3.86,53.06816799,0.94939061,95.87,52.36803476,10,0,original
20.0,60.6,33.13,6.63,18.08913309,1531.0,597.7,1.638,29.63,5.16,51.08212,0.716917167,96.19,62.20921984,10,0,original
25.0,43.8,25.06,6.73,14.41848739,271.0,553.7,1.785,25.737,4.33,44.37058798,0.571440383,86.12,64.74656518,10,0,original
30.0,32.2,20.04,7.39,10.82771896,156.0,434.8,2.078,22.5,3.45,38.79,0.429129332,87.3,71.11792356,10,0,original
0.0,27.6,75.13,6.05,25.2318314,967.3915959759524,323.5,1.382241506328979,34.59456679107109,7.574384761986988,59.85555601,0.994029227110644,13.45,21.19078583,10,1,smote_smogn
3.0,48.008838134823634,67.21126254633323,6.235994542543701,24.463791355929686,1059.7307395097969,373.7107882451538,1.3764346725687877,33.80534337643338,5.922019124163104,58.10628730556338,0.9720839085102448,45.7343936225106,33.740273155249355,10,1,smote_smogn
6.0,67.9,59.61162631049319,6.40983023090785,23.823655236428824,1191.9134481826734,432.4978855241472,1.3682980327904466,32.75206119883542,4.291026070768909,56.09249484164626,0.9440485229814698,77.67308434646645,46.52623549168688,10,1,smote_smogn
9.0,64.19862303589909,52.01122409467919,6.494857063973119,23.938757574898137,820.9060707766884,471.1050930500274,1.3363018904299706,31.71640204518053,4.028940850392436,54.71565362685607,0.941385976665958,87.14951728051764,49.67269981242759,10,1,smote_smogn
12.0,60.32278477211497,43.463829030585885,6.548240633019197,24.033884119158927,484.1224725700741,505.0396266376484,1.288382263886351,30.846532356837155,3.8716186488003617,53.02031593365823,0.9509052537309176,95.80754125314952,52.11752130040272,10,1,smote_smogn
15.0,60.028693377358174,37.7412600551333,6.600525779771945,21.084580000876155,1008.0101551789562,553.5887115357973,1.4519425916628308,30.17806843539875,4.524064805146253,51.98326192091308,0.8376084115948637,95.62339812166952,57.27995173612632,10,1,smote_smogn
18.0,60.48931632316436,33.39672990793862,6.632768423281964,18.055637562343016,1531.0,596.0034238112976,1.642439752752639,29.637332501471988,5.118111982044929,51.40606581608569,0.722935222584495,95.81573650248872,62.049920667814455,10,1,smote_smogn
21.0,52.136478028292856,28.796429109247217,6.6762362849673424,16.36393556334381,895.4707445061891,575.4599719227781,1.708564762334707,27.672589516105724,4.754162999286766,47.88964756260367,0.6431836558586005,92.10627931304674,63.65199567012166,10,1,smote_smogn
24.0,43.95367062784414,25.00868509034016,6.737420452252505,14.405958699546543,263.13651384868683,554.9327148879075,1.786009777262841,25.712126548484765,4.349647801554493,44.22064917443025,0.581423515468619,86.33833055637197,64.67880255781957,10,1,smote_smogn
27.0,38.34205450425167,22.83219409794044,7.0680065050903895,12.56580733753032,212.51556573366105,492.3052136673469,1.9366782720478743,24.14566904088837,3.903138619868893,41.62548220059357,0.4920722796056049,85.87210413268171,67.94077695124876,10,1,smote_smogn
30.0,32.031597934043724,20.146632508527784,7.388476557607256,10.82771896,170.06645477098414,435.0972757318179,2.075176596475776,22.5,3.45,38.98007118660913,0.4305508600552067,87.57113270885519,71.03908452530924,10,1,smote_smogn
0.0,16.6,70.39,6.28,21.21418827,955.0,203.6,2.199,46.65,4.98,80.42460001,1.0,28.93,26.64867625,11,0,original
5.0,54.8,67.7,6.23,21.71811361,1149.0,856.1,1.866,40.526,7.04,69.86682399,1.023754166,64.64,38.24515228,11,0,original
12.0,31.6,29.1,6.65,18.34453782,734.0,649.2,2.023,37.111,7.26,63.97936402,0.86472966,85.65,52.30752173,11,0,original
20.0,67.2,20.48,7.05,13.51791667,1470.0,898.7,2.4,32.443,11.14,55.93173201,0.63721112,93.18,64.48343751,11,0,original
25.0,45.8,22.61,6.99,11.53861004,969.0,386.4,2.59,29.885,7.21,51.52174001,0.543910042,98.27,70.18244192,11,0,original
30.0,34.5,15.37,7.01,11.25695029,708.0,748.5,2.374,26.724,4.52,46.07217598,0.530633091,87.01,66.76802914,11,0,original
0.0,16.6,69.98061200908118,6.276860551997664,21.172697678016277,957.0879806938322,203.6,2.200302027125567,46.640359996927934,5.020368180186175,80.36367328092523,0.9946416444809048,29.34529121103826,27.011035431322743,11,1,smote_smogn
3.0,35.21528110287485,68.97069406760676,6.257357254034974,21.557963076397304,1039.9359630782142,531.130295005304,2.032540278359531,43.36103143801381,6.017908452822966,75.30706377075303,1.0076184919984787,46.45250606492773,31.988287085972985,11,1,smote_smogn
6.0,54.68576656850608,67.9082455636188,6.24540400887749,21.587114369992836,1145.378828562161,848.9820610931861,1.866,40.63592537331778,7.047865873865992,69.80484262173056,1.015779984410132,64.72673514573187,37.92829604284159,11,1,smote_smogn
9.0,43.40953345597752,48.39606453811928,6.43530456211268,19.7796742947783,936.7411442319632,743.2114782896599,1.9508814560890757,38.74581029210558,7.109020605357052,66.91038450535105,0.9438424514381436,74.94969554880733,45.31425674998499,11,1,smote_smogn
12.0,31.521505683997194,29.23006452084518,6.647267989418383,18.39232893691261,732.9166697527813,652.5334311354771,2.0201243441777263,37.197096197958444,7.268778608976516,64.08421622797468,0.8623693606885688,85.72924644099598,52.01181785937349,11,1,smote_smogn
15.0,49.33496552680348,25.558320995625145,6.849586072335407,15.951614273554927,1099.7261376738124,773.9280594008292,2.2138748908402297,34.78010661885584,9.23887034256261,60.01734634986128,0.747158068034332,90.05905286280542,58.15747513915996,11,1,smote_smogn
18.0,67.2,20.33472597888142,7.05,13.426697909552487,1470.0,898.7,2.392641904739802,32.25284866244317,11.108614390955116,55.5078001138978,0.6369424342109823,93.43845498130682,64.35622567684128,11,1,smote_smogn
21.0,56.312070117985805,21.662933270205137,7.021728228212135,12.445802331778191,1211.6421922681411,637.130631133124,2.489447609671443,31.184245285696903,9.228475293456867,53.48853835793187,0.5919961185685946,95.94205913927831,66.9228281120014,11,1,smote_smogn
24.0,45.39276723383018,22.394251871182583,6.998420427779091,11.45747067297152,969.1922531086858,388.45150396246646,2.59,30.15563044197873,7.206557373858331,51.71918439097573,0.5521658297352675,98.08635660062184,69.88990121962377,11,1,smote_smogn
27.0,40.10760038975559,18.631406649385607,6.984088991421053,11.407028758739289,840.8596049570807,574.8242477930152,2.480365049752592,28.365248446092103,5.831673306833554,48.76888682358281,0.5313085429367166,92.00664813384644,68.68648353376916,11,1,smote_smogn
30.0,34.372199192260595,15.37,6.994347763865857,11.25695029,715.8464422393621,750.1561342090163,2.380841397752483,26.724,4.557450912301444,46.07217598,0.5352058089692351,86.92103188085734,66.37541001003171,11,1,smote_smogn
0.0,25.0,75.23,5.88,25.8912037,1081.0,179.7,1.728,44.74,8.25,77.13175999,1.0,47.81,33.30532813,12,0,original
5.0,66.6,62.02,6.59,25.46775337,1141.0,543.1,1.411,35.935,7.25,61.95194001,0.983645012,54.78,36.44719944,12,0,original
12.0,66.7,70.59,6.98,17.27897436,1041.0,339.1,1.95,33.694,6.13,58.088456,0.667368523,89.68,61.98741579,12,0,original
20.0,50.7,32.01,7.34,18.34668893,554.0,916.9,1.797,32.969,7.81,56.83855601,0.708607029,114.36,68.96329806,12,0,original
25.0,34.0,17.33,7.7,17.516,586.0,827.9,1.75,30.653,5.15,52.845772,0.676523201,97.02,64.19223267,12,0,original
30.0,30.3,15.11,7.7,15.4245614,589.0,778.7,1.71,26.376,4.91,45.47222399,0.595745241,90.54,65.28786502,12,0,original
0.0,25.373653965168376,75.23,5.888048913818247,25.8912037,1082.8807424727995,189.14247086261847,1.7301731920424874,44.74,8.218131286637727,77.13175999,1.0,48.35547831951794,33.30804505233637,12,1,smote_smogn
3.0,46.01254474372048,68.24365617730746,6.240622387982314,25.531497393975613,1106.411123848644,363.3871611916657,1.5690023473415906,40.32622454492409,7.756218982738867,69.55502646444604,0.9910798912109646,51.28982019880839,35.24113943640856,12,1,smote_smogn
6.0,66.7,61.77110000253523,6.579479189914283,25.49153413484522,1138.07891993443,548.048515019781,1.411378086823895,35.847878890967976,7.243186083609468,61.95294623632048,0.9817076739167626,55.56897926435891,36.41779939485611,12,1,smote_smogn
9.0,66.7,66.00014057117424,6.80247825603662,21.35918111217244,1088.1646458418886,448.1218499844148,1.6808477232240062,34.89819102183734,6.705625292358652,60.16570328127656,0.825588827434782,72.0253130257815,49.59015750014772,12,1,smote_smogn
12.0,66.7,70.99279915757462,6.986425695974765,17.316592466224098,1039.6326671817362,343.7552431497916,1.95,33.68147176602495,6.102812035942422,58.02161236872463,0.6676731281039378,89.33814249779437,61.90195864499623,12,1,smote_smogn
15.0,58.97007951011744,51.29453413322909,7.153950198199306,17.79056253185496,804.2186393217983,627.4709430939937,1.87766833484402,33.30813320797508,7.006400919398648,57.51766116858197,0.6845191275423459,102.26312457304172,65.72662449565577,12,1,smote_smogn
18.0,50.28873859689922,31.79514543578772,7.31784450612952,18.36888010298442,554.0,916.9,1.7932614265677165,32.99188873600112,7.774069325448357,56.75271186442637,0.7077349396712161,114.36,68.96329806,12,1,smote_smogn
21.0,42.40995528863887,24.49589530408823,7.522730356514252,17.875141082454945,564.3447221917672,873.6185917493029,1.7687877029543388,31.881844116121183,6.474541198272932,54.69824462115439,0.6915753134687904,105.07750351462768,67.04692090200466,12,1,smote_smogn
24.0,33.97567102396166,17.33180926582998,7.699466842301839,17.51227682231411,588.6786161508861,833.1193907684482,1.7447105569532475,30.558742986190065,5.159704957627359,52.79751948193631,0.6760201110912505,96.93249217398794,63.791657174273546,12,1,smote_smogn
27.0,32.17371423873792,16.9763090850429,7.687718731649259,16.507288103391218,594.1595948713987,809.0429681317752,1.7329251573655364,28.60029845149895,5.01466283628667,49.07448193895557,0.6382545703739498,93.5086764591803,64.42440348896184,12,1,smote_smogn
30.0,30.161334622739894,15.11,7.687565006475826,15.4359773890565,582.7628924002578,773.478637920382,1.7078838904604043,26.51850495166802,4.91,45.47222399,0.5961446631690371,90.6034577412881,65.78461222487415,12,1,smote_smogn
0.0,26.6,79.04,5.74,23.70598007,1441.0,277.8,1.806,42.813,9.78,73.80961201,1.0,26.74,25.87653284,13,0,original
5.0,68.8,67.62,6.0,15.29070195,1084.0,346.6,2.721,41.606,3.13,71.72874401,0.645014545,50.11,48.97139899,13,0,original
12.0,63.4,29.79,6.9,12.69032474,1466.0,206.2,2.987,37.906,8.64,65.349944,0.535321666,97.53,70.28093444,13,0,original
20.0,57.6,34.46,7.12,11.02385621,262.0,530.4,3.06,33.733,7.5,58.155692,0.465024276,105.32,75.96925678,13,0,original
25.0,59.7,32.01,7.19,10.36305732,196.0,354.7,2.983,30.913,6.0,53.29401198,0.437149499,87.96,71.01500286,13,0,original
30.0,34.4,17.33,7.37,11.47151767,248.0,534.8,2.405,27.589,3.89,47.56343599,0.48390818,117.98,79.642642,13,0,original
0.0,26.6,79.04,5.74,23.70598007,1448.8908591544086,277.4291294516606,1.8104836835503049,42.79833873449341,9.78,73.50899697712951,0.9954169672639386,27.67003187146261,26.10421330563636,13,1,smote_smogn
3.0,47.635604079871,72.89019176009384,5.868026592807576,19.539447277335043,1242.5346187169823,310.4941060284861,2.268226860188916,42.33022459549933,6.544454774260877,72.80324548892392,0.8239854491484846,38.55645430161663,37.62886828793943,13,1,smote_smogn
6.0,68.8,66.34438773001845,5.996921465130334,15.2860486661962,1090.8786741172398,346.57155952954287,2.706422039177468,41.66095836828924,3.163235470242117,71.72226111267445,0.6426842315860282,50.47748225105836,48.83841167663402,13,1,smote_smogn
9.0,66.30297393955757,48.81706672544669,6.445365143203735,13.877378461759212,1266.614089401601,276.2736258444596,2.8547091695883227,39.53054533513126,5.921215183405065,68.5655633969747,0.5934780605736846,73.3449785181253,59.2807781820251,13,1,smote_smogn
12.0,63.40386812376975,29.907078023425253,6.898671235880838,12.632931420687155,1466.0,206.6866304524249,2.983426695114836,37.85119778878421,8.644988298773269,65.25677392822672,0.5387203909789399,96.8254589286381,69.93227473335672,13,1,smote_smogn
15.0,60.251650743774185,31.446107160281738,7.013063046388703,11.835788490354837,861.4157177353231,368.4704639982438,3.0177127596674675,35.7613468166651,8.064598113017428,62.3018583530188,0.5048717441030681,101.09595393632642,72.9984232844704,13,1,smote_smogn
18.0,57.76447491441593,34.06708139622779,7.118260043922194,10.894470369401748,275.7731148368197,532.00971666741,3.06,33.78261601389525,7.481839395628065,58.39839346322489,0.4621091220042699,105.2483365256077,76.18798059878516,13,1,smote_smogn
21.0,58.65493771388697,34.34136362942003,7.140349321339562,10.633540601377948,219.878843671186,444.4129039665377,3.0165142705564487,32.051319633441466,6.718468186828026,55.50277364669406,0.4527126330120097,96.0250600705949,73.80713931160268,13,1,smote_smogn
24.0,59.10885846765636,31.887281398526422,7.19563520758948,10.41594448594884,202.54650249435437,352.5806799205112,2.9768496168101923,31.176833965244924,5.973777404933589,53.335565369346746,0.43931248593286,87.95431135864982,70.84649983217312,13,1,smote_smogn
27.0,47.24938882242545,24.96351815402033,7.257405474829809,11.033005147917727,219.08448383521653,446.5024901330065,2.6945773390454884,29.305963588324243,4.893450720031827,50.32023030404161,0.45890715500552,101.99432837712178,74.93737319833077,13,1,smote_smogn
30.0,34.393826255981004,17.33,7.346234982860499,11.437512329346111,246.3487303892802,532.406919093868,2.410229117424465,27.604409418558216,3.8871040676904816,47.56343599,0.4812687278229696,117.33280122672775,79.642642,13,1,smote_smogn
0.0,18.9,73.28,6.22,25.68904404,442.0,175.4,1.862,47.833,6.99,82.464092,1.0,42.37,31.38730979,14,0,original
5.0,56.8,66.51,6.81,19.04601619,822.0,388.7,2.347,44.701,5.96,77.064524,0.741406187,42.14,42.12764168,14,0,original
12.0,67.2,45.79,5.98,16.12850752,561.0,593.2,2.459,39.66,6.13,68.37383999,0.627836034,77.45,59.32972389,14,0,original
20.0,63.6,21.72,6.25,13.96369889,257.0,624.3,2.617,36.543,6.26,63.00013199,0.543566311,84.83,65.45819258,14,0,original
25.0,50.4,29.17,6.14,15.8906628,114.0,575.7,2.067,32.846,5.01,56.62650401,0.618577428,82.83,61.61403424,14,0,original
30.0,33.7,19.0,6.47,14.32645875,95.0,586.8,1.988,28.481,4.31,49.10124399,0.5576875,88.47,66.15064039,14,0,original
0.0,18.9,72.97318084203225,6.218145890457801,25.653640831493227,447.8887139315238,177.27015256606458,1.8649120466316007,47.833,6.971766433889052,82.05625581262414,0.9972449104987432,42.46401510001159,31.38730979,14,1,smote_smogn
3.0,37.28821990579947,70.24834411514696,6.517150570826594,22.360256452702014,634.3902338251545,282.0140104620949,2.10425924462788,46.21178378449545,6.473417358329198,79.62188390517548,0.8650207415833785,42.14,36.82066601142101,14,1,smote_smogn
6.0,56.43084267942307,67.14090318029822,6.81,18.95559286981384,822.0,385.1233954782599,2.343042482345132,44.64652011038572,5.975340132074889,77.60338491442813,0.7444148877800618,42.14,42.09039614071492,14,1,smote_smogn
9.0,62.042220454702026,56.408699873730406,6.391784742765823,17.528444304711638,691.6607247697765,485.4456289209779,2.405807692620272,42.112124470962144,6.026061305682179,72.85652245034099,0.6889062283581987,58.88784362427143,50.96815873302628,14,1,smote_smogn
12.0,67.2,46.403188574401845,5.98,16.150690242625178,564.9839824589318,595.371609554799,2.4621815973837995,39.73744608728026,6.136503788738223,68.1876647687382,0.6223339409518945,77.36573958839621,59.91330938796906,14,1,smote_smogn
15.0,65.49050732569448,33.78891811625427,6.120266282032884,15.055301279540698,409.3729707833006,613.2419904861907,2.536391924295995,38.02520231979024,6.194391996290324,65.98357495947124,0.5869699242302858,81.6716719311814,61.98470760302786,14,1,smote_smogn
18.0,63.60094804089636,22.412107700385445,6.250798025423984,14.020826671019496,251.93132238410308,622.16959009152,2.617,36.49094228526673,6.232808003259904,62.790591814612725,0.5441909742876275,84.50103516205368,65.75265127169364,14,1,smote_smogn
21.0,56.79536089299894,26.26108516231847,6.197740939219488,14.884637029382857,186.7201355597817,595.1967659875129,2.34448327501011,34.824126607967735,5.636854226289636,59.69636609981509,0.5789001463672665,83.26744070019986,63.56131731692522,14,1,smote_smogn
24.0,50.38391538368765,28.48143017945006,6.138788771102623,15.894743688456815,109.07786132757832,574.7572585573237,2.069032905722926,32.86947833231132,4.997022695656854,56.38384276461888,0.6147320319123154,82.99098580391843,61.9464319849701,14,1,smote_smogn
27.0,41.92086990167828,24.17298170773599,6.306976346743667,15.060961642957103,116.06792456372996,578.5330248146659,2.0276937667288037,30.810341617660907,4.6419062074592095,52.917963381565855,0.5908675429970611,85.8791305851551,64.0557803659047,14,1,smote_smogn
30.0,33.21982213689488,19.03433185288667,6.464713520328869,14.37648514732756,95.0,584.9145454841567,1.9948347597249587,28.57877656456028,4.310141642820702,49.39032695207255,0.5581813461093861,88.25349732945249,66.15064039,14,1,smote_smogn
0.0,30.7,71.02,5.89,23.34650456,520.0,274.5,1.974,46.086,5.63,79.452264,1.0,67.54,40.26167038,15,0,original
5.0,66.4,64.53,6.11,20.34264107,458.0,343.6,1.719,34.969,5.25,60.286556,0.871335622,71.59,47.07384958,15,0,original
12.0,53.3,53.82,7.11,17.4041708,812.0,575.1,2.014,35.052,6.19,60.42964798,0.745472229,96.23,61.02837379,15,0,original
20.0,47.1,29.38,7.61,20.3970399,197.0,853.6,1.554,31.697,6.11,54.64562801,0.873665685,110.22,60.59638866,15,0,original
25.0,37.5,23.14,7.14,15.3054371,686.0,753.6,1.876,28.713,6.54,49.501212,0.655577243,86.95,61.51831276,15,0,original
30.0,34.2,18.15,7.33,15.30292599,598.0,702.4,1.743,26.673,4.0,45.984252,0.655469685,87.93,61.86833914,15,0,original
0.0,31.248113706765587,70.42749433552994,5.89,23.34650456,520.1034927311501,274.5,1.9719139505503864,45.964280860567314,5.6033225718973,79.452264,1.0,67.54,40.26167038,15,1,smote_smogn
3.0,48.070627136369886,67.2537205097278,6.003698469337507,21.81724864303132,485.36611651318685,309.48086219416155,1.8451732312591096,40.634711894899134,5.439711915391103,69.8346982552898,0.9366199302418,68.98079882210898,43.64554767037898,15,1,smote_smogn
6.0,66.4,63.676820822632415,6.095897135675359,20.315470282948617,460.8266664663267,342.21092583133066,1.7208531997961871,35.12272472556301,5.253980443544171,60.282807535329646,0.869754182952035,72.01582039369535,47.09509131628237,15,1,smote_smogn
9.0,59.73127081678266,58.90101709696589,6.605282404522845,18.833748737368747,634.7219783986059,462.1186471281496,1.865955839766664,34.941446303830425,5.723382167264452,60.26676603397513,0.8075493542722818,84.09719466958916,54.165264907982994,15,1,smote_smogn
12.0,53.1750300287195,53.88334245175272,7.116344751817997,17.449639530127325,811.4578637778154,572.6329945756976,2.010689807784308,35.0215168855681,6.185570227700563,60.63776299408205,0.7445586022610408,96.37195353246804,61.12828167719936,15,1,smote_smogn
15.0,50.067921377517095,41.64029297386196,7.361081594852834,18.863789676000028,506.5022010418862,714.1204327758521,1.788336269823931,33.260667988784576,6.151691670192163,57.90877333122483,0.8118398218368764,103.26903471796896,60.85292844715038,15,1,smote_smogn
18.0,46.906333584873,29.438501972706536,7.599889287547539,20.430490947443463,199.9424586094262,853.6,1.5547846847066722,31.6746510815164,6.130549816933448,54.730960822815526,0.872823777165141,109.85207129905552,60.78371915914694,15,1,smote_smogn
21.0,42.65898632666736,25.70724419533307,7.3750744839700495,17.831391270783115,441.4386457933929,804.9757058251233,1.7115496028940378,30.20098082292488,6.330176412394689,52.08909475013628,0.7692508039486584,98.45624865128924,60.81933992244196,15,1,smote_smogn
24.0,37.67950060288523,23.454621237253967,7.121815400860882,15.30292599,683.6458049208076,753.3583736001467,1.874916406829679,28.785458376850595,6.534937029220559,49.508177583047456,0.6565349645197057,87.17410374076456,61.59737681813217,15,1,smote_smogn
27.0,35.85494325697355,20.73886971435053,7.248657635765245,15.30292599,636.5847135389745,725.5774213212958,1.809771938483284,27.81274975367107,5.263217190414866,47.29121466121239,0.655469685,87.16013813085559,61.791499653767374,15,1,smote_smogn
30.0,34.487912752778875,18.437160658802192,7.327562571644904,15.30292599,595.9057386738085,699.8515042028862,1.7471803526875451,26.673,4.0,46.12536158238244,0.655469685,87.25597774679481,61.67410934052418,15,1,smote_smogn
0.0,22.4,63.13,5.95,23.22417154,588.0,322.3,2.052,47.656,8.12,82.158944,1.0,17.11,22.48121728,16,0,original
5.0,64.8,58.1,6.17,19.7104,952.0,379.9,1.875,36.957,5.88,63.713868,0.848701964,54.55,42.01309419,16,0,original
12.0,58.7,59.27,7.17,14.67739092,448.0,332.5,2.269,33.303,5.23,57.414372,0.631987707,86.75,62.4349532,16,0,original
20.0,60.1,22.46,7.42,12.6888361,163.0,441.5,2.526,32.052,6.22,55.25764798,0.546363347,90.54,67.35435855,16,0,original
25.0,35.8,11.01,7.13,14.83923445,116.0,332.5,2.09,31.014,7.25,53.468136,0.638956461,144.17,82.38829607,16,0,original
30.0,28.1,11.89,7.25,11.40986133,128.0,344.9,2.596,29.62,4.25,51.06488002,0.491292501,106.06,75.13091223,16,0,original
0.0,22.547833839847076,62.61420599279703,5.95,23.090529655148877,591.741702288171,322.3677406265427,2.054322173674725,47.55975534648584,8.12,81.75740611724731,0.9945798213756232,18.51353879007125,22.5796696376164,16,1,smote_smogn
3.0,43.6164441920952,60.62833337596816,6.053743162604491,21.487090039898057,766.3432849823181,351.3219666059779,1.977232290942996,42.34266311184951,6.968299175432548,72.98668410890551,0.9302577423873878,34.23491130371971,31.88883145650564,16,1,smote_smogn
6.0,64.47425259946012,58.61490873706045,6.169205973745285,19.719932532686546,952.0,379.8626810816281,1.8762453079242605,36.78039671619501,5.937650804893971,63.869951340846185,0.847866869553309,54.50030983476589,42.11157486869171,16,1,smote_smogn
9.0,61.58241925317701,59.55944620849671,6.648614599491664,17.16827850006305,690.5369080300227,355.9452889648673,2.0725130577685014,35.075376730832865,5.547052039775791,60.329846982898886,0.7397969841044042,71.52448465519419,52.24418223373921,16,1,smote_smogn
12.0,58.48552330051441,59.39461604357297,7.175812141997769,14.667496481450025,445.84417465244553,332.2476135159114,2.268752303552815,33.40605294332299,5.233732436616322,57.53913362674065,0.6334020909076641,86.65862675822967,62.12398429781908,16,1,smote_smogn
15.0,58.901129645675454,40.92612650466416,7.3199051352096065,13.693761511869411,308.80730452495345,387.4767065038188,2.399678496991063,32.605389362659075,5.713305090014621,56.34545528988834,0.5891601935296958,86.92927371315007,65.48494732683413,16,1,smote_smogn
18.0,59.701351846142494,22.22269931212819,7.414153888294178,12.715645888678816,156.97542915838378,441.5,2.5293549726054616,31.848895756610784,6.20745386408891,55.5514593368984,0.5444686389548395,89.59264877599821,66.70820728679551,16,1,smote_smogn
21.0,47.888656024388105,16.570576927143712,7.278958914928887,13.787736025593237,137.63446555948394,386.7776761639969,2.3024679250579783,31.560458183542966,6.7190317114140505,54.2056940490045,0.5886499110490817,117.5961010904124,74.81767660155909,16,1,smote_smogn
24.0,36.21379298652183,11.28472137978023,7.139018146677996,14.823102001989932,116.0,333.3610124165854,2.089882299714532,30.95146428158885,7.262233301267599,53.98575045552047,0.6394941915008657,144.17,82.06897558716285,16,1,smote_smogn
27.0,31.79434828506907,11.31251365174252,7.203557409752116,13.15302637747128,116.0,339.9981932866339,2.3329137480859314,30.29718089570356,5.721295618902549,51.82705147669736,0.5663333486403781,125.60848786187498,79.45446049512331,16,1,smote_smogn
30.0,27.879863989291227,11.819141413202654,7.247200849883994,11.40986133,121.55150477899416,344.0706486227936,2.5950697413035404,29.62,4.257408217099842,51.06488002,0.4935114672332084,105.48690387418006,75.35760517024096,16,1,smote_smogn
0.0,28.8,73.14,5.38,26.21551724,633.0,253.4,1.74,45.615,7.22,78.64026,1.0,21.04,23.8668445,17,0,original
5.0,62.2,68.86,5.98,24.82639334,583.0,381.5,1.561,38.754,6.41,66.81189601,0.947011387,58.19,39.18250095,17,0,original
12.0,58.6,49.21,6.98,17.35637047,555.0,224.4,2.127,36.917,7.65,63.64490798,0.662064773,77.64,57.96433692,17,0,original
20.0,43.7,21.6,7.22,18.07202073,200.0,763.8,1.93,34.879,6.56,60.13139602,0.6893635,96.09,63.32700569,17,0,original
25.0,37.3,21.39,7.45,13.656,617.0,762.1,2.5,34.14,6.36,58.85736,0.520912858,82.94,65.7398056,17,0,original
30.0,33.2,14.95,7.51,13.45378151,258.0,732.8,2.38,32.02,4.74,55.20247999,0.513199163,85.51,66.96872468,17,0,original
0.0,28.8,72.59688190178372,5.396862082476614,26.21551724,628.2981435025578,258.80189489238586,1.7377592141015303,45.615,7.246460867251397,78.59578373020378,0.9959540302279448,21.04,24.02908978083455,17,1,smote_smogn
3.0,45.50901281625334,71.20876585458775,5.667619085200262,25.54409677398772,606.7774845682868,327.2122001797,1.655772280652256,42.19844895485547,6.803053547768166,72.68462613084222,0.973815239632862,39.85268786196367,31.423527985488025,17,1,smote_smogn
6.0,62.2,68.33790483729996,5.979131500210322,24.86342961099872,584.4460176644856,379.9213352049733,1.5631055494746668,38.73285759636256,6.390187589403159,66.60519131458152,0.9478360634475206,57.86664697257925,39.148852753044665,17,1,smote_smogn
9.0,60.3132327094339,58.537976948343726,6.486604462560717,21.322581012636352,566.4367375717068,303.43576427548766,1.853257783553563,37.77076450253526,7.01612230614462,65.26369250120325,0.8019970414877537,68.37815711429687,48.61685054906885,17,1,smote_smogn
12.0,58.71843214771547,48.92852399642901,6.9829523219593,17.330847543627023,550.894094165477,224.4,2.127459778288704,37.00199465052828,7.629285336985733,63.63952149580127,0.6599845073408055,77.07704204436419,57.74040492492915,17,1,smote_smogn
15.0,51.21747584749207,34.9847204361928,7.116183375253719,17.684717024108412,377.6995280025401,494.108763956492,2.034828894762898,35.96517547823094,7.125716040161799,61.98769290097623,0.6765302063887139,87.07882994737473,60.70750695982321,17,1,smote_smogn
18.0,43.48014390290432,21.35552364096859,7.22708465775548,18.08283568104775,202.48209725249177,763.8,1.9463031316177268,34.84047312881186,6.584001419395651,60.1438858290243,0.6853526272712771,95.70157651230473,63.77683474499183,17,1,smote_smogn
21.0,40.61425326446791,21.399461518760518,7.322260869416326,15.96341455356054,403.6224616615525,756.987140051802,2.2186907060132715,34.554154009286414,6.464962842160524,59.47264937241128,0.6063764650949071,89.4229052782497,64.30469118584979,17,1,smote_smogn
24.0,37.490173956374605,21.763478179514703,7.482221849928679,13.516239322778985,619.3603408043228,758.2827038556785,2.5,34.023141790224564,6.378928108237576,58.74101453621338,0.5177444392201346,82.48126060183593,66.08424939788355,17,1,smote_smogn
27.0,35.287762515361166,18.026721913256264,7.482874273576655,13.45378151,439.8519202439381,753.5554636554592,2.444458022403348,33.09432849076842,5.552076139540176,57.03955586387473,0.5208171644076901,84.59089264026021,66.79461841859278,17,1,smote_smogn
30.0,33.45384653252902,14.95,7.507820776139725,13.45378151,260.74552188144213,737.3221333341565,2.377745951906922,32.05507214706182,4.74,55.30106956779208,0.5214721078255291,85.13759801013035,66.72882274221932,17,1,smote_smogn
0.0,22.4,73.3,5.71,22.3655914,522.0,196.0,2.139,47.84,5.56,82.47616001,1.0,46.18,32.73062778,18,0,original
1.0,24.016,60.625,6.9766,29.961,695.0,353.8872,0.30786,9.22379346,0.74414,83.634,1.0,49.3007,33.83091452,18,0,original
1.0,23.451,60.772,7.0365,29.805,701.8,352.9873,0.30589,9.11705145,0.79478,85.618,1.0,48.2472,33.45947475,18,0,original
1.0,23.158,62.383,7.2344,28.191,556.0,359.7326,0.32032,9.03014112,0.69237,84.254,1.0,46.8313,32.96026112,18,0,original
1.0,25.505,60.575,7.0598,29.258,561.7,347.4142,0.29721,8.69577018,0.73896,83.892,1.0,44.9645,32.30207056,18,0,original
1.0,23.844,59.063,7.0938,30.097,440.2,340.637,0.29665,8.92827505,0.7112,83.014,1.0,46.3335,32.78474834,18,0,original
1.0,30.165,67.805,7.686,19.73577101,2299.7,44.32,2.46,32.71627219,2.6778,87.143,1.0,50.571,34.27879295,18,0,original
1.0,23.452,60.181,7.2933,29.531,725.2,353.9346,0.30961,9.14309291,0.69244,85.304,1.0,48.6498,33.60142221,18,0,original
3.0,47.159,70.549,6.0235,19.73577101,3464.5,8.21,2.5422,32.71627219,4.1306,80.238,1.0,47.332,33.13679637,18,0,original
4.0,55.825,58.852,7.3663,30.215,2385.7,325.4938,0.31581,9.54219915,0.81221,81.873,1.032709003,46.8464,31.59680516,18,0,original
4.0,45.779,61.406,7.7969,29.28,1853.3,361.8701,0.31641,9.2644848,0.99472,78.343,0.972854437,42.6241,32.61286512,18,0,original
4.0,57.878,62.4,7.9733,33.086,1405.2,411.5254,0.36047,11.92651042,0.85408,84.697,1.120381971,33.0938,23.07908864,18,0,original
4.0,41.833,63.359,7.7031,28.327,2200.8,358.2093,0.35004,9.91558308,0.94763,77.258,1.004824235,43.5646,31.60661749,18,0,original
4.0,57.707,60.034,7.6697,29.121,2035.5,351.5306,0.33194,9.66642474,0.91452,83.756,0.97705083,42.6227,32.43676425,18,0,original
4.0,59.161,62.773,8.7344,27.51,4911.2,373.5137,0.38242,10.5203742,0.94766,80.359,0.918193652,37.4141,33.06333978,18,0,original
5.0,52.945,68.262,5.1546,19.73577101,6732.7,69.58,2.6297,32.71627219,4.9223,76.19,1.0,45.772,32.58677641,18,0,original
5.0,68.2,63.59,6.87,16.01105912,876.0,387.2,2.351,37.642,7.64,64.89480798,0.715879086,78.12,55.88159604,18,0,original
7.0,56.219,53.789,8.4531,25.739,4471.0,391.4318,0.33993,8.74945827,1.0712,78.479,0.855201515,43.1519,37.72239946,18,0,original
7.0,57.249,55.547,8.3359,29.825,5027.0,380.7599,0.2951,8.8013575,1.1559,75.689,1.057961761,41.4938,28.65284506,18,0,original
7.0,47.027,66.28,6.1686,19.73577101,8386.6,104.34,2.5009,32.71627219,4.4744,74.643,1.0,51.653,34.66028116,18,0,original
7.0,60.128,59.494,8.7933,23.926,4116.3,369.1504,0.34434,8.23867884,1.15055,79.697,0.810199451,38.5183,37.97190907,18,0,original
7.0,58.106,61.406,8.8516,24.105,3938.2,376.1275,0.34988,8.4338574,1.10414,76.773,0.80454591,35.8784,37.27772615,18,0,original
7.0,57.904,56.935,8.6766,21.602,3976.1,476.8103,0.3493,7.5455786,1.02035,81.579,0.738327979,36.7017,40.33903709,18,0,original
7.0,58.246,55.753,8.6999,23.105,4653.2,399.9634,0.36667,8.47191035,1.06221,80.638,0.775205502,38.6584,39.48570355,18,0,original
9.0,43.747,64.756,7.1305,19.73577101,11459.5,108.1,2.4051,32.71627219,3.3653,72.143,1.0,62.399,38.44907254,18,0,original
10.0,55.164,49.883,8.6172,27.782,2687.3,323.6826,0.28249,7.84813718,1.33116,69.932,0.985491824,41.3911,31.64929869,18,0,original
10.0,47.318,55.41,8.6328,21.328,2788.4,412.3033,0.35426,7.55565728,1.21916,73.912,0.722224103,47.1112,44.68308827,18,0,original
10.0,50.188,50.664,8.5938,29.28,2223.9,356.3431,0.29494,8.6358432,1.27,73.653,0.972854437,40.8443,31.98534875,18,0,original
10.0,44.237,51.864,8.0957,20.098,3582.2,684.2351,0.34062,6.84578076,1.20987,75.01,0.67431639,46.9946,46.64678103,18,0,original
10.0,46.805,53.834,8.3292,20.918,2041.3,464.2251,0.31085,6.5023603,1.17268,79.089,0.714949757,52.0023,46.7119881,18,0,original
10.0,45.728,51.836,8.2422,22.471,2386.1,427.3981,0.32981,7.41116051,1.19001,70.707,0.750008344,52.5818,45.44920305,18,0,original
11.0,37.665,62.774,7.5743,19.73577101,13407.0,196.04,2.4001,32.71627219,3.0826,70.238,1.0,71.285,41.58207087,18,0,original
12.0,53.3,61.49,7.87,13.99878395,213.0,612.6,2.467,34.535,6.89,59.53834001,0.625907167,95.45,65.75682576,18,0,original
13.0,36.951,41.094,7.7734,19.339,2015.4,724.1914,0.28731,5.55628809,1.30414,69.913,0.645472448,80.6194,59.70914675,18,0,original
13.0,31.22,45.616,7.7719,18.047,1624.0,811.8354,0.33566,6.05765602,1.35288,71.736,0.605502432,72.076,58.36957409,18,0,original
13.0,42.27,45.781,7.8906,25.603,1853.3,402.4424,0.24871,6.36772213,1.38881,71.463,0.908197652,60.8829,41.75620106,18,0,original
13.0,50.163,44.414,8.1719,28.599,903.5,357.8596,0.2649,7.5758751,1.37473,66.502,0.950227597,55.3976,38.06337584,18,0,original
13.0,32.112,51.521,7.9587,18.73,1997.6,800.5075,0.29101,5.4506173,1.28778,74.716,0.634248756,54.701,51.04059758,18,0,original
13.0,38.445,43.055,8.1454,17.637,1950.9,774.4561,0.31829,5.61368073,1.31569,73.462,0.602809488,66.4303,56.49172284,18,0,original
13.0,37.681,60.488,7.7454,19.73577101,13299.2,339.37,2.3863,32.71627219,2.0066,69.405,1.0,84.601,46.27698488,18,0,original
15.0,35.061,58.506,7.8917,19.73577101,12066.0,480.5,2.2866,32.71627219,2.0876,68.69,1.0,83.225,45.79183907,18,0,original
16.0,34.524,41.094,7.8203,22.335,880.3,428.1493,0.25603,5.71843005,1.34295,59.196,0.742100542,75.5718,53.88586532,18,0,original
16.0,31.95,40.703,7.3984,20.428,1575.3,582.3329,0.24109,4.92498652,1.41353,66.793,0.724628428,84.026,57.59777984,18,0,original
16.0,26.49,43.892,7.5414,15.586,1323.5,989.9212,0.28481,4.43904866,1.32847,69.873,0.527784362,79.4569,64.22419184,18,0,original
16.0,25.463,41.923,7.4013,16.543,1510.2,839.3314,0.30465,5.03982495,1.38428,66.892,0.5550411,84.0724,64.7108926,18,0,original
16.0,28.03,40.94,7.5881,11.621,1953.8,1069.5184,0.29597,3.43946737,1.31915,68.775,0.397190512,83.7669,71.20878401,18,0,original
16.0,30.406,36.406,7.0469,13.074,1413.1,874.5527,0.26226,3.42878724,1.35237,65.088,0.436367277,92.5491,72.6657473,18,0,original
17.0,34.252,57.591,7.8148,19.73577101,11958.2,566.23,2.2388,32.71627219,1.9537,67.976,1.0,84.515,46.24666327,18,0,original
19.0,30.038,38.555,7.2109,16.751,718.1,262.1141,0.24342,4.07752842,1.40999,55.456,0.5565671,90.3549,66.8620982,18,0,original
19.0,21.552,36.855,7.1941,11.621,1302.9,632.1981,0.26744,3.10792024,1.36915,62.99,0.389901023,89.7756,73.63235746,18,0,original
19.0,29.18,37.969,7.3047,21.109,787.6,424.1274,0.19362,4.08712458,1.40525,55.611,0.748785073,85.4103,57.07496428,18,0,original
19.0,23.606,37.839,7.0074,7.793,1840.0,327.4587,0.28729,2.23885097,1.34595,67.54,0.266354501,88.0149,78.18165016,18,0,original
19.0,27.292,34.844,6.8359,6.946,787.6,222.9891,0.25463,1.76865998,1.4194,57.936,0.231834718,86.6833,79.15671469,18,0,original
19.0,35.093,56.524,8.0851,19.73577101,12291.0,658.59,2.2,32.71627219,3.1586,68.095,1.0,89.692,48.07195389,18,0,original
19.0,19.498,39.808,7.3108,12.578,999.6,952.6446,0.27364,3.44184392,1.33196,67.383,0.425925299,87.8938,71.46136352,18,0,original
20.0,50.7,30.4,7.88,14.50699774,692.0,799.9,2.215,32.133,7.34,55.39729199,0.648630187,99.98,66.40310455,18,0,original
21.0,34.45,55.762,7.9586,19.73577101,11449.5,638.02,2.1771,32.71627219,2.843,66.19,1.0,97.714,50.90032578,18,0,original
22.0,20.037,35.331,7.1036,8.75,1399.3,249.3063,0.21907,1.9168625,1.38662,57.677,0.293574904,88.4115,77.1823848,18,0,original
22.0,23.492,33.672,6.9063,14.572,973.0,354.4825,0.20093,2.92795196,1.42531,54.041,0.484167857,95.2546,71.61932413,18,0,original
22.0,20.379,37.299,6.9402,6.562,1095.8,235.1989,0.27612,1.81189944,1.32614,57.05,0.224280539,87.2319,79.66625958,18,0,original
22.0,23.835,34.844,6.9297,4.63,1343.6,177.133,0.24327,1.1263401,1.41117,52.8,0.154534228,88.2153,82.93167087,18,0,original
22.0,18.326,35.92,7.2671,10.801,815.7,480.281,0.26,2.80826,1.3773,56.578,0.365751244,89.0827,74.39865732,18,0,original
22.0,23.493,37.578,7.0938,20.019,810.8,310.8454,0.16109,3.22486071,1.38764,55.901,0.710120251,87.0895,59.28502559,18,0,original
25.0,32.1,20.04,7.72,13.22103093,844.0,953.3,2.425,32.061,6.0,55.27316401,0.591132633,99.12,68.50599954,18,0,original
30.0,32.1,24.23,7.24,13.58205374,150.0,717.8,2.084,28.305,4.72,48.79781999,0.607274518,113.12,72.7665836,18,0,original
0.0,22.309957231359487,72.76445216511522,5.716247809399055,22.162615695134186,545.136137880596,193.78706929946037,2.1341831995867517,47.688576930853216,5.542502822690892,82.89834764633159,1.006925891054332,46.61377169972544,32.45229211711157,18,1,smote_smogn
0.234375,22.9835850517122,66.87998055250256,6.361762425522159,26.173788542306227,506.5625534363027,259.99301487259106,1.220264489644259,28.621677284466944,3.1481381356808025,83.30475120126955,1.0017836968469347,48.0191364639349,33.21072486017809,18,1,smote_smogn
0.46875,23.840751321515903,60.51206650203152,6.972194801004386,30.022502133234347,660.9543559828436,352.05866691147776,0.3147735197114841,9.059556298835393,0.7126575538657259,83.74223424000965,0.99722248830382,49.21711434773723,33.72889551992447,18,1,smote_smogn
0.703125,23.960585799780763,60.66399151310292,7.015611153729985,29.81981739636745,714.7156017811756,354.4673975203265,0.3124750689030501,9.07394525651724,0.8275084921810149,84.60229707714451,0.9929805619703004,49.00760254902531,33.62341990467623,18,1,smote_smogn
0.9375,23.426163383901,60.62722244543594,7.035728546609591,29.79268539456427,595.8769472348445,356.1784846034323,0.3131294250569865,8.994197815992294,0.7969267686448803,85.47852632313959,0.9969470161341336,48.2385439721312,33.14622534984068,18,1,smote_smogn
1.171875,23.383561920968333,61.99862694670831,7.096539010898982,28.85463170528716,500.0108037224117,357.71588514482943,0.2872383679594238,9.211457109523485,0.7772938398371768,85.11615419866592,0.999799792958531,47.12094580902605,33.45985068588399,18,1,smote_smogn
1.40625,23.0160340460934,62.50209536026895,7.2202142132672655,28.02972743276141,446.5422232896965,357.5161616545832,0.3291495684361498,9.07379009677357,0.7068336800349632,84.21013376630401,0.9888893428756612,46.5192537482186,33.07849393923524,18,1,smote_smogn
1.640625,24.172610879499675,61.36398484570255,7.154680422793599,28.75169212947732,574.9546491269265,361.2290752196072,0.2784650348202411,8.884362094957469,0.7144367421610015,84.29634859737433,0.9942819760081794,46.19886483260403,32.22819922661029,18,1,smote_smogn
1.875,25.57861172770989,60.56035257131772,7.0665198854042925,29.163896806917947,531.578879134125,342.79740493145886,0.3094243052801095,9.23872850618075,0.7362130722593361,83.96862273308419,0.9965242568573494,44.57710312818083,32.6107086669532,18,1,smote_smogn
2.109375,24.70699684598836,60.14466254137973,7.059944119659572,29.44831490604978,462.4209676509393,342.7990013064548,0.3146806095613216,9.188726497810755,0.7038100606038503,83.53099413259716,0.9987869582185392,45.30191863528942,32.284682551652736,18,1,smote_smogn
2.34375,24.044552485951915,59.28322255030889,7.096668381383896,29.9535965027132,403.8047499374742,335.8139858168368,0.2749292620737749,8.49926816546819,0.6979888211533064,83.1276516570393,0.9997439385539064,46.65570388737774,32.40762800850675,18,1,smote_smogn
2.578125,27.340029795979284,63.11258039473756,7.396450611796668,24.79173642535658,1281.4435813872617,192.5659323000391,1.383537789123105,20.7262602875126,1.6649431831577288,84.90270095489421,0.9971212767668608,48.50946827092722,33.5596138967224,18,1,smote_smogn
2.8125,29.986765024708795,67.58071018648629,7.685548780773658,19.83568081431203,2271.335436093161,51.41670105939647,2.4767792275016887,33.241684416277245,2.645044565789575,86.94760492387675,1.0023839346820742,50.81785129630908,33.718334870900385,18,1,smote_smogn
3.046875,27.03049955953936,63.81301232833233,7.499136559266656,24.656488650351285,1399.3158267256051,198.49790696733945,1.377678550296019,20.80526419155521,1.7463091976703125,86.02149579132367,1.0005876830828109,49.08477944655448,34.12806046458166,18,1,smote_smogn
3.28125,23.1736432911833,60.07977740382324,7.301012907926571,29.41857578416854,799.0095707091901,353.3325667802481,0.3203017527191045,9.595161192669725,0.7006199390925164,85.5042431091235,0.998256071423568,48.88477740202849,32.69630691136236,18,1,smote_smogn
3.515625,35.84008687885861,65.22792861236232,6.6579425588320085,24.557572110886777,2200.024977560154,173.4979187775922,1.381695880169901,20.837368239563062,2.4545065408099345,82.59021261212276,1.003033800786593,47.70862229631322,33.040914742228985,18,1,smote_smogn
3.75,46.95630342823619,70.55682921413512,6.016850924813621,19.90501113112107,3319.9396960178087,8.21,2.55963023674351,32.665603727178585,4.107311749956613,80.08102428893031,1.0026481532765408,46.8971038871145,33.63900174989132,18,1,smote_smogn
3.984375,51.67003348245028,64.86986918233765,6.7084700873856615,25.09612932877354,2895.9445105056307,171.99012094206816,1.4294810594876255,21.31622835202575,2.434697982183388,81.15825362073497,1.0095034548191282,46.8730764968198,32.147871313972466,18,1,smote_smogn
4.21875,55.54472688113806,59.05979992756992,7.372328680476264,30.07078619795385,2360.5914808787634,324.3762135770979,0.311717810090072,9.522666216891194,0.7835337302717534,81.82481742337188,1.0325580726174732,47.42892147116487,31.433695036909292,18,1,smote_smogn
4.453125,50.76279340924744,60.05376852589696,7.563618787591375,29.897578192373384,2108.656129657348,342.2626586379102,0.3317284084105013,9.510445096208851,0.8910864799165217,80.03539722782602,1.0069770856206968,44.57938198667009,32.510921284871536,18,1,smote_smogn
4.6875,46.17746520887906,61.0296799172493,7.79977528144589,29.269600037055252,1915.5431542874735,366.8083613992772,0.343856762873456,9.605514962963271,0.9957904696406388,78.25381174922032,0.97783787051168,43.56558032354004,32.360074228274875,18,1,smote_smogn
4.921875,51.61770898644351,61.66348895347786,7.870117858271682,31.28613846181107,1600.2759130023865,385.2973329401994,0.3461491349752858,10.759803918062095,0.9199733323897218,81.07542425831188,1.0483661170362897,36.97700746321259,28.089385982670134,18,1,smote_smogn
5.15625,58.44620383664122,62.28034350806361,7.960744845144069,33.06493560982418,1399.715344439676,417.2958752358509,0.3860030203488287,11.957156958590602,0.831403862901359,84.5121676055905,1.1192825952812544,33.0938,23.453458293745637,18,1,smote_smogn
5.390625,49.85414003569135,62.59288268283466,7.829714510102167,30.85945500408384,1988.1424312532288,379.1299867920961,0.3306017578590786,11.283422446303792,0.9034275049282344,81.20337166873229,1.0645885786192872,38.895521252531786,27.495424205934672,18,1,smote_smogn
5.625,42.08452304084748,63.6216352544724,7.703684085789765,28.17742552876762,2193.883363769497,361.2366817415775,0.3606097386010432,10.105415849090813,0.9527737225308665,77.15488680570553,1.0086308789690062,44.23844707396325,31.145936888208382,18,1,smote_smogn
5.859375,49.87387264739896,61.42495980993967,7.691274435755012,28.69105054841235,2227.9183479780186,362.2226648456595,0.3388948747595414,9.632166771646444,0.9516713561414502,80.14369585830215,0.9914833922337256,42.72437071009774,31.829120391340403,18,1,smote_smogn
6.09375,57.824817597512485,60.17605305972834,7.664377068795382,29.277905910643582,2066.697549718749,356.031816608184,0.3194296246920463,10.095178628833208,0.95764482408149,83.5633083581411,0.9781281303398542,42.6521640947652,33.30195513400071,18,1,smote_smogn
6.328125,58.066370760068565,61.016317113962046,8.197296654855387,28.006887773663586,3438.938070569189,354.18266971875374,0.3265685514126166,10.23249355137241,0.9204177265299678,82.12629092024962,0.9464450400250082,40.322986001545154,32.593657004884214,18,1,smote_smogn
6.5625,59.03910613502112,62.92429317513416,8.7278496039002,27.50405873774787,4866.407794319371,370.6629568452508,0.3921300990648068,10.47410588450427,0.9833076028631638,80.42400218414963,0.9118940324205048,37.31600169552957,34.01547941789908,18,1,smote_smogn
6.796875,56.361303547321285,65.48543918210572,6.958134805268939,23.57212365917327,5821.4980224648,220.4662638335361,1.519952339079374,21.180747196179624,2.9369138170897857,78.2182443070455,0.9582751325633796,41.65714444579746,33.36993182091585,18,1,smote_smogn
7.03125,52.85623951745408,68.61019718346176,5.1546,19.82408251508433,6662.69190159591,74.0905892183547,2.6297,32.41797987254589,4.877506803799284,76.05824938646704,0.9968090907443018,45.7766757791736,32.75227278401163,18,1,smote_smogn
7.265625,60.60828868391358,65.66550484977907,6.008282146462992,18.011418593717483,3750.662422147682,222.44282476551425,2.509022900508204,35.54727334658675,6.333449748740844,70.27435538785065,0.8547636787681663,61.31242179240352,44.328954248548094,18,1,smote_smogn
7.5,67.80109939756765,63.46013606770228,6.890110064521048,16.105255286431845,849.7076122484772,382.6492997219735,2.3387516571774056,38.01869692012308,7.64,64.96519149653055,0.7226360517521242,77.97259689831162,55.73339512664551,18,1,smote_smogn
7.734375,62.07092128790356,58.60422332543256,7.668282447927249,20.90611514532855,2691.7307265910727,382.14709032630367,1.3659506876875775,23.214196047522965,4.373756855402826,71.84707417770527,0.7900245283945823,60.64123824515556,46.77364950321923,18,1,smote_smogn
7.96875,56.50850151621041,53.75389321187119,8.469589728457043,25.74423224645351,4584.48215032997,387.7436714471029,0.3620924053892333,8.366139968849557,1.0738332125510337,78.72538672938573,0.8472208760597773,43.19600265619736,37.50281163610874,18,1,smote_smogn
8.203125,56.40335870716005,54.588352326952034,8.368021502645917,27.737795232092758,4718.861032201341,380.5060160806173,0.3133886137458671,8.540040632687294,1.1055902350720663,76.87169630487774,0.9514691310879928,41.58275536712248,33.16733607804395,18,1,smote_smogn
8.4375,57.43385147304365,55.47179586935083,8.319730447865423,29.85208346464808,5055.682442657805,387.8963500400735,0.2955512048062005,8.449756215489904,1.1422933385263714,75.95003806444954,1.0562484696108017,41.81613622702295,28.218532702750824,18,1,smote_smogn
8.671875,52.18382835238087,60.834524141079406,7.258941031074886,24.9686600985562,6605.629337219241,239.6586810810097,1.3831733868720426,20.399344080171637,2.8506574344124918,75.15517783889688,1.0259618918569866,46.62878123039426,31.20516892999305,18,1,smote_smogn
8.90625,46.96617446067476,65.80319711562925,6.18878355220836,19.628646803487403,8452.494862360501,107.42575990083854,2.524404179451657,33.15514409895599,4.4738934106448704,74.64807958781742,1.0014958382012555,51.20163743379028,35.075087574882474,18,1,smote_smogn
9.140625,53.50533994327034,63.11567388752419,7.466095268728146,21.779022746236024,6144.450800038429,236.8254540961308,1.3986253715158066,20.92351806883453,2.8615682898653616,77.3408221245933,0.8992393128483851,45.855065246309245,35.80203795146281,18,1,smote_smogn
9.375,60.00142042046283,60.15265750218023,8.788252756498103,23.916260293662376,4165.918155529406,369.1680915825376,0.3528308927606212,7.995977164951522,1.151572444572964,79.59358939326033,0.8147165467204446,38.3700743523605,38.25443894346167,18,1,smote_smogn
9.609375,59.01337833143641,60.51866449611369,8.827675598219454,24.1446059978928,4022.2206726523336,369.99748696091046,0.3376373075806046,8.334376699501574,1.1152517002418016,77.82135998410348,0.8071653037334879,37.07789638534203,37.0208265054611,18,1,smote_smogn
9.84375,58.34567211595561,61.14454068169556,8.832693770909943,24.133802807600254,3930.70165591836,379.5665179960076,0.3322964950130017,8.15565516776936,1.0865050659067672,76.90774375523962,0.8029412420681755,36.15284316195623,37.47847524494426,18,1,smote_smogn
10.078125,57.89362603512007,58.93234057824719,8.770890516593816,22.980355096424564,3938.4891358767945,427.1582208997244,0.3198348795646751,7.986418442697943,1.0404333019849392,79.24263398106082,0.7713694639192555,37.09579065777974,38.7421969302486,18,1,smote_smogn
10.3125,58.369967789431406,57.07615776962782,8.641772349209575,21.735385396470587,3895.2296980143065,477.2423705734728,0.345881139065996,7.900543857431846,1.03542886372638,81.51012824015105,0.7363604661696811,36.99296377959558,40.76031598213312,18,1,smote_smogn
10.546875,58.152214674471495,56.43273828848334,8.694657161688438,22.42986428180984,4237.072432661694,435.73655836344255,0.3379138874149208,8.242323977525167,1.003315111654893,81.2275052305324,0.7471973080383507,38.03335673105358,39.80651961027995,18,1,smote_smogn
10.78125,58.09744891853752,55.68755404532945,8.6869476246964,22.96776004323423,4705.188089297876,398.0439662574888,0.3675654725036497,8.647013446895222,1.03820980635908,80.79608135302479,0.7752617033567414,38.230031118127776,38.84499634733072,18,1,smote_smogn
11.015625,51.24741812874801,60.42793997020924,7.909373917822604,21.63464285871275,8057.091847509017,256.6618516712031,1.4139673870287677,20.552044727485928,2.252599413388747,76.10145967859974,0.8860912290080923,50.565890512321104,38.90743591693929,18,1,smote_smogn
11.25,43.907830366184974,64.28087644768152,7.138985150334443,19.91794791333825,11440.385951286007,109.12745751118982,2.408266519963171,32.98953115482325,3.337304987225813,72.1473036575335,0.9955021075339407,62.17136483311807,38.49997755882038,18,1,smote_smogn
11.484375,49.02907984842078,57.493091391207706,7.879671591080384,23.767081262613647,7100.956314197273,216.44274300160092,1.375495232244221,20.42223054624076,2.37353140144421,70.60211330707322,0.997917565940745,52.19618890889757,35.0071068190967,18,1,smote_smogn
11.71875,54.89732987815793,49.93773460321996,8.61709611384206,27.603771404089063,2693.5962356769014,320.31495068853394,0.2668996559161692,7.935598693241707,1.270656009937528,69.90835438492134,0.9886465603129182,41.73194254595006,31.8326619040207,18,1,smote_smogn
11.953125,51.21124649781176,52.4172244654689,8.637613372037798,24.35371805959604,2688.570857198979,376.6755813391368,0.2980442949214548,7.67690716814525,1.3176881384723116,71.85074531200428,0.8653511109764195,44.94964184201846,37.98624806462448,18,1,smote_smogn
12.1875,46.90977127722567,55.08003687654687,8.610669912109756,21.360803077997545,2941.3460953537115,410.1608689181588,0.3379595191070904,7.624595890821745,1.1819066531519042,74.00603501781882,0.7261582443769162,46.18813058080049,44.28027395234807,18,1,smote_smogn
12.421875,49.29190507445321,53.06493055246071,8.615960729226726,25.213484231071558,2552.186558085991,384.1880877794615,0.3235667439323588,8.158166547666664,1.2188771329342831,73.57737107561883,0.8445070729476151,43.70806732669671,38.01549769691037,18,1,smote_smogn
12.65625,50.39995826706991,50.98795795664616,8.583514868158145,29.05850716512592,2231.797062959069,355.50778411467365,0.3381578182740081,8.518604764085028,1.28995308041771,73.5724271857091,0.9685858914627566,41.40038429248106,31.820905223885024,18,1,smote_smogn
12.890625,47.20906300590675,51.211491035502846,8.356699419905416,24.485284416632524,2871.130063521324,529.0190878857148,0.2913994178154508,7.5730160943967935,1.2478655270933148,73.71670745641103,0.8212559912101712,43.32005037213037,39.14888537333626,18,1,smote_smogn
13.125,44.148655747848245,51.667704797145376,8.104643106198823,20.03737897085071,3641.4121486178938,682.9362850909315,0.3504551056531405,6.629916368169239,1.2361181826995085,75.11657434583974,0.6711748930144136,47.3391570070207,47.41393166295652,18,1,smote_smogn
13.359375,45.36641632913528,52.89303615299006,8.22186535437502,20.53314312667452,2762.8041994190157,572.5225124455854,0.3146253618244871,6.472073817867567,1.153786126215237,77.03260116819084,0.6951457166743126,49.98343394784814,47.079553289402654,18,1,smote_smogn
13.59375,46.29870401479472,54.25317987830907,8.350616867606979,21.099316875724515,1987.1209072979816,464.7534925785306,0.3072978656417236,6.4616296055150375,1.1642685737835132,79.10567737298841,0.7076981521212444,51.99017974954389,46.93093349112726,18,1,smote_smogn
13.828125,45.819792969702384,52.93428881437431,8.30036093492835,21.75695755341179,2318.9368717307407,442.7141585100573,0.3003630883371765,6.880392083522595,1.163247336365842,74.61251064953296,0.7355293977877341,51.68412473435101,46.22279897491183,18,1,smote_smogn
14.0625,46.21807842856592,51.96017483675688,8.240150948650994,22.421804271325303,2388.006402112704,427.8965184763276,0.3437634176671579,7.2767504616893905,1.1574503938763607,70.78309493296355,0.7504381082086443,52.529829041228425,45.54478025933021,18,1,smote_smogn
14.296875,42.10214874481844,57.58649844518043,7.90823349717388,21.15239356299616,7849.1093431336785,322.3109320916311,1.3642578335707265,19.913272440520945,2.153781474786802,70.78844531166116,0.8775134177456956,62.55724190587647,43.61288112571396,18,1,smote_smogn
14.53125,37.51657373085494,62.88278665486855,7.582122024945104,19.773250072151185,13407.0,197.37847832509956,2.4173597339594397,32.77947418058923,3.1102578035258013,70.20265144935665,0.9946081931916586,71.94319964093665,41.63413181301761,18,1,smote_smogn
14.765625,45.7165676172125,61.95221425946056,7.7239224973757,16.962668232991092,6862.837429154861,405.4956896419568,2.4363314387333985,33.923935139543985,4.976420391260714,65.01244323417355,0.8141161078953859,83.45640529213821,53.68223959279287,18,1,smote_smogn
15.0,53.43054715227801,61.08838659691849,7.879178783535288,13.993631988694936,251.609747530603,609.3937457835337,2.4363418482707013,34.532636382380595,6.934658061968926,59.37190910403439,0.632029555413212,95.03205962702982,65.08987095661857,18,1,smote_smogn
15.234375,45.286431420995605,51.07982776445662,7.792669366314252,16.80254666271206,1174.7484914705735,676.0292357226094,1.39455899571236,20.029115820818177,4.07402699167058,64.71097791165647,0.6316346546430309,88.77816945481283,62.61529638763429,18,1,smote_smogn
15.46875,36.583612033646126,40.83968279021011,7.797881198926612,19.445342488955816,1937.7425480123388,732.8513657339092,0.2553602626050838,5.353853203512337,1.3480870349045506,69.62026366702248,0.641288415147111,80.97048839767129,59.63253098099879,18,1,smote_smogn
15.703125,33.61938073662722,43.50677822830164,7.773444369469922,18.703667117496927,1878.6877614041096,771.8215786003918,0.2818064699914521,5.758669825028563,1.344999341599843,70.97516007192824,0.6288425498512042,75.95786974613836,58.800563260027246,18,1,smote_smogn
15.9375,31.524853855724068,45.79978638032191,7.750781421626328,18.03162176347244,1612.8718477711354,814.7555020204979,0.3211024363819023,6.315404476440246,1.3169952336510908,71.76655567389379,0.6009357649147811,72.2224868866612,58.19227216884287,18,1,smote_smogn
16.171875,36.23476864748158,45.738918153027136,7.81935574491466,21.943634397356146,1744.1874381387825,606.090408193682,0.2778392781235082,6.437334823368348,1.428959124163399,71.36641702539416,0.7557506878579218,66.60636198083186,50.15877621429712,18,1,smote_smogn
16.40625,42.23179808221021,45.48893652496122,7.862883931522558,25.51097201877342,1928.4677138762977,404.19016322189447,0.270867229017089,6.5773214927596655,1.3757743672899685,71.30971327132491,0.9151520635772262,60.610558495655006,42.00093392299205,18,1,smote_smogn
16.640625,46.121712238629,45.50878953664572,8.017059117428746,26.906668496206,1422.0730242423897,376.42108031502175,0.2540884575795127,7.174446167571963,1.4171136811826577,68.9941774426271,0.9250954472204416,58.28912666905956,40.00519483712775,18,1,smote_smogn
16.875,50.04438046338009,44.318184937227166,8.170048444511226,28.403935191561,925.317224123482,352.8302322958314,0.2846981222008579,7.670442608555115,1.379001596011575,66.67860921056649,0.957505802711417,55.87068873269944,38.30009138595652,18,1,smote_smogn
17.109375,41.21856037786812,48.106426362116,8.085016057193105,23.5617790843582,1327.2484919783246,572.5408121505897,0.2689411854926568,6.600121248314137,1.3422366085380202,70.89183150342299,0.790655800188281,54.92260154981387,44.79433405157024,18,1,smote_smogn
17.34375,31.93732754089081,51.53235498881931,7.964045484586405,18.81508571062377,1994.7721488075904,802.3416220005752,0.296051587126922,5.503614101629993,1.314210583570664,74.69036013172835,0.6289650785435289,55.21774678598488,50.94504161834628,18,1,smote_smogn
17.578125,35.380514254214866,47.33603607427494,8.055080995479708,18.128964995631677,1925.483961519799,781.3258049546973,0.3121738562391887,5.4418791191895535,1.326542115196404,73.82812907099188,0.6213740865558239,59.81492829547648,53.93364543826151,18,1,smote_smogn
17.8125,38.48138760162765,43.18580069670651,8.130625081031214,17.663379638887612,1995.0900730221288,772.2246649815904,0.3293377398408851,5.631804507341016,1.3056555289709315,73.50758581551685,0.603317252641615,67.37899789116675,55.93492208185695,18,1,smote_smogn
18.046875,38.60401953502327,51.611270353399696,7.9346682097953956,18.622499396760563,7686.63611044355,556.6395918520587,1.3449158323324937,19.21166115220703,1.6767376833544525,71.77470425170354,0.8014668561699114,75.54017771873457,51.26181838707812,18,1,smote_smogn
18.28125,37.32386368219761,60.78851452669207,7.735677726906332,19.672908881134024,13280.42936348897,343.8150930361321,2.380302801451577,32.85337480932152,2.019991155859686,69.09478983957635,0.996377404087694,85.05990452236124,46.11697815248312,18,1,smote_smogn
18.515625,36.3785450745457,59.133384678568746,7.809358782071085,19.603500864612236,12641.144678740446,407.3525954703953,2.331718161587208,32.737981142253595,2.0533633207583666,68.86501621598619,1.0004733859807644,84.00649472218784,46.52264912626172,18,1,smote_smogn
18.75,35.17219384752422,58.26691567590817,7.887124272598658,19.72391778883151,12162.721046286262,485.4720152098855,2.260373410156601,33.172111500278874,2.0816371347009297,68.80679404313092,0.9902562611322012,82.87279975883733,45.8993135419952,18,1,smote_smogn
18.984375,34.726403534147586,50.09752802193194,7.852407343116754,21.012791888693517,6435.665560028844,458.5190527056258,1.269983334994366,18.95538547572283,1.7214797713414889,63.97236253841436,0.8720812029837138,79.38284261837707,49.41338451684858,18,1,smote_smogn
19.21875,34.17932348526263,41.229824017147465,7.815886436842804,22.388227885072308,806.0618335468191,423.3647012646284,0.2499402795123388,5.881799797190967,1.4006540156007348,59.09181215622549,0.7482138476038859,74.75516650477842,54.07543811569016,18,1,smote_smogn
19.453125,33.56106093161615,41.48331921970736,7.600611808125495,21.41860887596803,1176.051118701201,510.2557809273533,0.2577667415867735,5.312777614431169,1.3695874407267272,63.03657772426357,0.725044876748712,80.09330605278772,56.03189131516892,18,1,smote_smogn
19.6875,32.036856265533864,40.71873484222975,7.400157899421647,20.402570807927823,1540.80787504491,581.0663907763451,0.24253910458168,4.925451263355578,1.4489167839487689,66.9798708993298,0.7227114939144483,84.10886831464076,57.56919204439863,18,1,smote_smogn
19.921875,28.89341434974915,42.68895300707059,7.4658074667926995,17.81273608265747,1395.86797331618,783.8986710600349,0.2841606479224917,4.5060671913722325,1.3528273090701728,68.31420168697319,0.6220846422354225,81.65952574433543,61.13106204317696,18,1,smote_smogn
20.15625,26.603081564056914,43.464392891278976,7.520631536539971,15.724089437339886,1376.0394186956892,988.6735728755378,0.2859224230868991,4.659771278265695,1.302622812274839,69.83744213009416,0.5206634980272421,79.77881097734225,63.42847856599518,18,1,smote_smogn
20.390625,26.415136437969185,42.582097063253634,7.471797525869526,16.05353049677081,1280.253984168698,914.61064298009,0.2858068411753781,4.880799285528166,1.4524652076819389,68.49509988402806,0.5317385306257042,81.78069777028804,63.60690982446417,18,1,smote_smogn
20.625,25.45363833491074,42.12915744815757,7.399780158810532,16.553272767756848,1455.3505990025874,837.4777582247197,0.3055657528651632,5.220335907219889,1.400117824323634,66.84028744576963,0.5494763936755849,84.33192611742265,64.3350942339425,18,1,smote_smogn
20.859375,26.74592960930401,41.03085281039656,7.474139014490598,14.288440969396747,1729.048126792998,950.6747306486604,0.3118037634915094,4.276293568268961,1.3683590291959389,68.05190872925546,0.4749736026971341,84.33120898358925,68.00735704414052,18,1,smote_smogn
21.09375,28.43420654457058,40.894564330652805,7.5804034127714415,11.7381476627746,1966.866390787015,1066.1631973280048,0.2678261881619595,3.369116550553382,1.3366068342222746,69.16243852019048,0.4026058369483815,83.53200871805578,71.69728801385443,18,1,smote_smogn
21.328125,28.967850575473392,38.94170126657146,7.325271706078643,12.405085560467455,1788.594221541491,972.6560861933888,0.2677627917683985,3.419714457294432,1.377033271914592,66.7608021454996,0.40960308036615,87.80071569850611,71.57812360570568,18,1,smote_smogn
21.5625,30.85133520485513,36.52137380527963,7.032107568605391,13.073702586412027,1509.1334973612525,873.8360494454708,0.251242236735937,3.5226473519785304,1.3643302480869264,64.84904082445144,0.4377546071320307,91.81240368914402,72.39356697553295,18,1,smote_smogn
21.796875,32.57980086743493,47.00105421226114,7.41468136111527,16.40338339578277,6586.167320945707,722.7463819054027,1.257053112235068,17.638254002155037,1.6769731470288558,66.60305912678045,0.7192187026512206,88.58446622029642,59.48445590513259,18,1,smote_smogn
22.03125,34.0137511765199,57.48761171473746,7.810571200713682,19.76674234551661,11839.618557577069,566.46385933374,2.247168932530191,32.90529195820967,1.9226543199747912,67.73025853878158,1.0078791496127648,84.70835082092708,46.0896959096626,18,1,smote_smogn
22.265625,31.97273097157036,48.11955408306676,7.520958305127405,18.295870652086244,6339.701915047895,414.5160042644001,1.242716655889471,18.92225388085642,1.710701499796946,61.46699481386944,0.7809745440285903,86.86887245335818,56.379280726108696,18,1,smote_smogn
22.5,29.90271167002069,38.68788739006293,7.23446385950365,16.971746345951612,676.2628560476386,264.7616745551864,0.2040798052021956,4.181537356552363,1.403046288688785,55.06426678450694,0.5595293841955048,90.96236130680349,66.72771821419622,18,1,smote_smogn
22.734375,25.32233655791216,37.55285661120524,7.211076933922529,14.50501594613346,936.4178975365246,453.4931678983039,0.2292112540623458,3.53189412487877,1.4092708568930634,59.14992734705353,0.4765295247400482,89.71355747158782,70.66642547392605,18,1,smote_smogn
22.96875,21.619145438672568,36.94057673424282,7.208220498734981,11.658439491895606,1303.9018822029525,638.7142786781707,0.2636477463720987,3.0730073027069515,1.318848978883062,62.98369346036706,0.3855455662706906,88.87598507209565,73.9882176361136,18,1,smote_smogn
23.203125,25.139421561787284,37.66026375234362,7.253912738053669,16.087258187989953,1059.5873864930425,534.1491749132693,0.2225708289343157,3.7507294848390536,1.4056819008701136,59.20159911349617,0.5666436135791239,88.23224875763081,65.36114365880829,18,1,smote_smogn
23.4375,29.2564461736732,37.91778367805764,7.295782289873535,20.98623857706192,735.4597546712448,428.0149362854723,0.1937052370291233,4.031196266283723,1.33949968581653,55.876780868119305,0.7540483303558204,84.56649031634576,57.60246679255087,18,1,smote_smogn
23.671875,26.06021553813927,37.91968244830485,7.164532900180388,14.68465718541799,1275.0143554220117,385.1067580777524,0.2330048542907747,3.35108562826798,1.3675079538040995,61.82704953095067,0.4979053630402094,87.12495539808926,67.79060213518467,18,1,smote_smogn
23.90625,23.84393800637858,37.95036992271413,7.006285695579263,7.885695909163241,1792.6406115997129,329.4140764160863,0.3115997661227337,2.2011435594871527,1.295929599762082,67.90872443907438,0.2631391002113782,88.32330497147352,78.54954941197762,18,1,smote_smogn
24.140625,25.63914813250014,36.468421735139856,6.926557604804915,7.424453902522883,1288.226625300695,276.6778288606873,0.2345512527503621,2.3749347186343064,1.401240694864528,62.746894541405325,0.242823151620452,87.4857653801734,78.39481198593094,18,1,smote_smogn
24.375,27.11003571320921,35.04622733955373,6.823586143641275,6.9244802959420095,821.2496903101161,233.01073674055067,0.2594332142666191,2.1338656247132057,1.421431546391993,58.162302918461485,0.2329385964334345,86.45972209325303,78.94830103062645,18,1,smote_smogn
24.609375,31.285211783755265,45.4504824243836,7.46657142230687,13.18751866758564,6472.310261904985,428.6150277117218,1.240456930813418,17.170973079727556,2.266394354645066,63.07454133346444,0.6139305224485809,88.4026839587074,63.40250745012591,18,1,smote_smogn
24.84375,35.11437559005795,56.40223762828765,8.083531423002013,19.95218188861653,12251.182682493296,657.634711179187,2.2111346062973007,32.69872776315036,3.2006683049987874,68.1348350787985,1.0029498949099886,90.14041103063263,48.04430399592914,18,1,smote_smogn
25.078125,27.677613029903963,48.05276542240377,7.700960132028978,16.05070315807378,6620.485396837217,811.2111046283813,1.2493153588295145,18.074214432718826,2.218982573897029,67.64965287205236,0.7124490082299358,88.37129324932634,59.78576100775869,18,1,smote_smogn
25.3125,19.231843484113764,39.59991188018377,7.309692657688376,12.672070791978586,999.1803512448008,957.0225785546148,0.2884183901702931,3.4399024043571518,1.2430611771740725,66.95036908400603,0.4186393165962477,88.31137085482446,71.56472186611782,18,1,smote_smogn
25.546875,35.059740024162274,34.68999011500267,7.591791826928253,13.374726947436754,862.9518956940638,887.7308250233701,1.2347338138561978,17.58227122602675,4.351043883207777,61.51197281907703,0.530209595073699,94.33501198974444,69.56132450639845,18,1,smote_smogn
25.78125,50.534842035688975,29.65079180259258,7.8863089053562305,14.479220840087011,818.9223248421222,800.3800448374344,2.1975175828485454,31.897570942212507,7.288189210179054,55.61792063823025,0.6486016832684993,100.10533069861454,66.63307164687295,18,1,smote_smogn
26.015625,42.58655341228191,43.35620318533729,7.914014175292959,17.249461641190283,6106.306492789697,717.0359139994332,2.163756147687467,32.69525127661,5.06613100572042,60.50200363027462,0.8206811088223717,98.61692145944606,58.48758270648295,18,1,smote_smogn
26.25,34.58746938053409,55.40428086958771,7.937921077526973,19.70356403347262,11486.535966033354,636.5368674433552,2.1713448774586688,32.95224828446751,2.827827264810859,66.18814597041556,0.9974899552710952,98.11407196250974,50.899281800687454,18,1,smote_smogn
26.484375,27.075474513601225,45.90712346698536,7.506707747568053,14.195360741525564,6407.830523410237,445.0836827173143,1.1857442293477307,17.548804696031276,2.0730471224194056,62.12306667970744,0.6512097482372792,93.2801428706777,64.52118016220675,18,1,smote_smogn
26.71875,19.943139256768543,35.501218231583145,7.106000430813954,8.751371926471734,1338.4032599526763,256.5487836402374,0.2375067038719619,1.9018397149440884,1.3721399622251784,57.60827697872973,0.2971518564593727,87.97699919690815,77.43167370841921,18,1,smote_smogn
26.953125,22.01352982143951,34.40810715118268,6.999128855911049,11.488674737571678,1153.322533531732,309.1926808054244,0.205435964620356,2.832092372463157,1.3647509066693435,56.08707779732982,0.397343227204797,91.67594101259358,74.87648348989036,18,1,smote_smogn
27.1875,23.841896524944605,33.81390551001267,6.8837934380419945,14.375406850970712,928.8542269832008,354.2323313780494,0.1845757116872028,2.923086659447472,1.430072372452175,54.01418301337424,0.4826771211736912,95.60488952566986,71.46542889271377,18,1,smote_smogn
27.421875,22.062720517364536,35.58336921936614,6.9246366965342325,10.659126289556,1058.7763682666682,295.9706679598576,0.2196609246345418,2.556767850688156,1.3396883712570673,55.445108890989246,0.3512027852192088,91.29225329408013,75.41589084227566,18,1,smote_smogn
27.65625,20.343435326215687,37.045362351916566,6.938978095834314,6.507540959047383,993.1760937049388,232.46740985209175,0.3076859505636757,1.5112153655793954,1.327024133286178,57.28900914187742,0.2262512605385909,87.69634800603284,79.44401889383198,18,1,smote_smogn
27.890625,22.0469113528738,36.0680519915831,6.928446854062687,5.687126428287085,1256.5248101417758,203.9006610958148,0.2593444526863647,1.4193742274476773,1.402734350491258,54.74650042771009,0.1867646314590342,87.57748616397808,81.17079876243865,18,1,smote_smogn
28.125,23.976298175029196,34.61843294187272,6.932912556737029,4.774229614295369,1336.3137891408292,181.8057172850115,0.2308661974508132,1.1263401,1.4341154208914435,52.66142485473007,0.154534228,87.78766953077107,82.5926614130436,18,1,smote_smogn
28.359375,21.13921467934245,35.53258572208334,7.115517725348207,7.870107750718603,1125.2261563331665,335.8626790760596,0.2536037540682784,1.9531197622399017,1.391838589626695,54.517804371858446,0.2591903293177985,89.5871495473452,78.7592813136779,18,1,smote_smogn
28.59375,18.326,35.75535017134511,7.283820683797735,10.591913118811451,770.7105238833453,477.1668427311733,0.2901068511524514,2.5212442202086103,1.3483023216762158,56.35957756268046,0.3735398473400234,88.3638227750224,74.49825660709098,18,1,smote_smogn
28.828125,21.057051731234218,36.72675507479506,7.182321291068624,15.319990003831988,757.2316376361935,396.6482738532812,0.2043601066673695,3.1689746067328795,1.3871383448859882,56.26875448942256,0.5412531965304712,87.87233097514991,67.2686877307019,18,1,smote_smogn
29.0625,23.27115891272181,37.54581712280192,7.09269737926511,20.08834081478304,785.5263356090152,309.7597826014667,0.1719940262591374,3.4475899596852133,1.3672359563787444,55.8029456592392,0.7139318288349088,87.20914129617636,58.72379623813519,18,1,smote_smogn
29.296875,27.431236523029455,28.836988499996373,7.408953136841083,16.691344770328385,800.6359924066359,635.9308602915396,1.3118761508519048,17.481859401510615,3.699718546813338,55.68048696323462,0.6582034787991226,93.52647367494964,63.594493770123385,18,1,smote_smogn
29.53125,31.669927449833686,20.422734046795,7.724022142725363,13.511176201546734,894.1129744424358,951.5648382158296,2.394979891870308,31.81256139088365,5.949694132058516,54.94156420377149,0.5953858326178751,99.39647039539604,68.7628449863166,18,1,smote_smogn
29.765625,32.04429175964794,22.079528864010488,7.476507736731363,13.284473172063658,546.5198597605812,826.9462081419389,2.2443673111181583,30.01649788614569,5.38367534429908,51.82090185029074,0.5938718102110221,107.10846827308404,70.69478881087468,18,1,smote_smogn
30.0,31.83795632553791,24.51037698663014,7.24227191374818,13.732730753860473,268.39345348271456,722.2826098920847,2.1008412461371337,28.41229237844969,4.720974175032471,48.80768002596368,0.6114563202155769,113.06970605234302,72.78086809083717,18,1,smote_smogn
4.643865949818531,50.57792150788435,60.5703691082884,7.617757828502689,30.0932787754924,2084.1367725376194,349.7635751066045,0.3314991834544565,9.871169772223627,0.8935973480044879,80.2730298189964,1.0186985479087125,43.42296065859991,33.30195513400071,18,1,smote_smogn
12.795254525090732,47.63283183201506,51.5885863036583,8.409447951522635,24.63344177584722,2806.238770545124,499.5522051940512,0.2979440859078897,7.692069057856462,1.241967635002,73.68835849255335,0.8259865868527402,43.398995142754025,39.14888537333626,18,1,smote_smogn
19.874189762545367,29.532969652913057,42.28809830401836,7.452450601901467,18.339656120386625,1425.3570128066788,742.6310211451873,0.2756924530321028,4.591393822016357,1.3723773866231406,68.04272273037883,0.6425578809196955,82.15786166784582,61.13106204317696,18,1,smote_smogn
0.0,27.127,64.8892,6.2436,23.4545,494.97,400.4,1.8111,42.47844495,2.26279,68.6895,1.0,60.774,37.87613507,19,0,original
4.0,50.686,58.1953,8.0527,19.9713,1269.16,624.85,1.8141,36.22993533,2.91739,60.7333,0.851491185,58.75,43.37719611,19,0,original
9.0,33.562,54.08775,8.6699,18.0287,930.47,803.77,1.8448,33.25934576,2.64903,57.6838,0.768666994,68.2,50.17500754,19,0,original
15.0,27.348,50.6679,8.4028,16.823,779.53,1269.08,1.9354,32.5592342,2.32317,55.8743,0.71726108,80.197,56.55606568,19,0,original
21.0,23.945,49.3773,8.5716,16.1531,609.4,1522.71,1.9611,31.67784441,2.21527,54.9445,0.688699397,88.731,60.76018316,19,0,original
27.0,21.319,48.4825,8.3041,15.6507,477.66,1684.77,1.9211,30.06655977,2.11999,54.097,0.6672792,91.071,62.48158815,19,0,original
32.0,19.158,47.2609,8.2298,15.3158,434.38,1777.89,1.9285,29.5365203,1.98664,52.7924,0.65300049,87.401,61.78515482,19,0,original
0.0,26.90870763594332,64.80544741186173,6.257524851697813,23.4545,495.2747016818042,400.4,1.8111,42.47844495,2.260720619232248,68.6895,0.99723796756641,61.13927219207113,37.98172255093289,19,1,smote_smogn
2.6666666666666665,38.98799459964875,61.494533241279605,7.166693828714169,21.628270023149028,882.6944172910448,510.72105685922935,1.8117248544599451,39.46648642756168,2.580196166183637,64.6502954534522,0.9247674998955764,59.82268390745845,40.96562026700192,19,1,smote_smogn
5.333333333333333,50.686,58.16621662078955,8.055563333072875,20.022845855111388,1269.16,637.3520014485789,1.814868223985204,36.189785922867415,2.911925235970755,60.70578702853288,0.8532187466819051,58.75,43.39828252693989,19,1,smote_smogn
8.0,41.92476809558346,56.31508328848504,8.373993631137761,19.00229614836245,1104.1801715857275,722.6516063560467,1.829188336432069,34.86871640214651,2.778915868131436,59.15475046816696,0.810166291306503,63.0536408285144,46.73910573984631,19,1,smote_smogn
10.666666666666666,33.53646549470475,54.18961414243488,8.660485945710654,18.003054311223423,924.0465584692552,805.9558858243574,1.8465731709672184,33.19258083626649,2.6570165931798324,57.69374413719984,0.7664131709977744,68.17945053250509,50.130758413903095,19,1,smote_smogn
13.333333333333332,30.39392571714407,52.47840175770448,8.546787099098381,17.38477037341276,845.2798254617046,1027.8715451725882,1.8906591601749096,32.83424248359672,2.487166554336873,56.8868666830407,0.7439261068481804,74.40203891909279,53.38676907177338,19,1,smote_smogn
16.0,27.39459577627172,50.70770712711954,8.411381761977474,16.81145071464395,776.6439577208881,1259.8446987217146,1.934857016795264,32.42880821916674,2.326858881249321,55.804860726171725,0.7157606052150758,80.43074761521615,56.41467605455841,19,1,smote_smogn
18.666666666666664,25.442761757706823,49.90236615645132,8.491001946521802,16.521935841422767,703.6275906476632,1398.337751548072,1.9482386125884632,32.08550257235444,2.2608712394279493,55.49953287788979,0.7067471830183469,84.5886721275635,58.67864229664388,19,1,smote_smogn
21.33333333333333,24.17289324871608,49.37283520595444,8.588858354558683,16.180067430875386,619.6847967408423,1529.410263073528,1.9611,31.640514856159303,2.221922859090369,54.87410340680092,0.6919422231351663,88.59719828690748,60.8371367607993,19,1,smote_smogn
24.0,22.798708319975685,49.03433277275698,8.43078428013924,15.86716348030398,552.8433843594175,1607.5068802287635,1.940287261901453,30.9111779355892,2.1748783199715023,54.44441355384368,0.6792573787334927,89.41235681758003,61.65667903581292,19,1,smote_smogn
26.666666666666664,21.25289078939732,48.34710007555452,8.301646894573848,15.6090460055335,476.6784949247928,1674.8251341076395,1.9200817338541445,30.08463389411724,2.108857403913233,54.17072180020382,0.6701361327142832,90.94858961897594,62.48158815,19,1,smote_smogn
29.33333333333333,20.199105085221092,47.94019851303498,8.268201906130598,15.515591810866988,446.9561457125716,1737.5844124012167,1.925582611023612,29.713131877513327,2.0493857453769526,53.52772865415567,0.6602758505958001,89.16077012155215,62.2074121393642,19,1,smote_smogn
32.0,19.158,47.51083241189263,8.216297499231143,15.3158,434.38,1777.89,1.929443156161884,29.5365203,1.989401864427237,52.86907711446308,0.6546072443317422,87.32364825070654,61.48269231186926,19,1,smote_smogn
0.0,27.127,64.037,6.4231,23.4545,494.97,400.4,1.8122,42.5042449,2.17307,68.5438,1.0,59.864,37.55529009,20,0,original
4.0,56.608,55.9498,8.2194,19.5694,1461.0,607.65,1.8008,35.24057552,3.28919,57.9452,0.834355881,53.647,42.29506054,20,0,original
9.0,36.992,50.17725,8.6891,16.555,972.63,712.22,1.9259,31.8832745,2.604165,55.2995,0.705834701,76.947,55.8883526,20,0,original
15.0,29.843,46.2543,8.3003,15.3493,714.28,1400.59,1.9182,29.44302726,1.91294,52.4258,0.654428788,88.033,61.94821319,20,0,original
21.0,27.375,45.3505,8.469,14.8804,521.2,1814.43,1.9534,29.06737336,1.80501,51.4232,0.634436888,81.989,60.65384322,20,0,original
27.0,23.657,44.3004,8.3041,14.6124,404.79,1987.97,1.9106,27.91845144,1.7482,50.2811,0.62301051,94.715,65.6188987,20,0,original
32.0,21.652,42.8459,8.063,14.4115,376.89,2029.59,1.8872,27.1973828,1.65973,48.4619,0.614444989,101.068,68.21726272,20,0,original
0.0,27.279032968668737,64.007365490529,6.4231,23.406106579565268,502.794030896344,400.4,1.8122622510444213,42.40937030109517,2.1668614433219826,68.5438,1.0,59.94366433152601,37.55529009,20,1,smote_smogn
2.6666666666666665,41.7828621358669,60.07333337526431,7.33687928533923,21.45110854361976,970.8598420955424,496.3594220882606,1.8076633414545704,38.83105628752131,2.721919024852676,63.307100638778586,0.9152607673302812,56.35299248238314,39.92888551569004,20,1,smote_smogn
5.333333333333333,56.30695437050343,55.94794796680841,8.228363307205562,19.509605488979588,1461.0,606.8704820460985,1.801260235903372,35.22654727233243,3.28919,58.01299502189497,0.8364733834958737,53.74394554254534,42.01715662596819,20,1,smote_smogn
8.0,46.95343132670179,53.03802183781642,8.465957773417633,17.9569008286662,1219.1053927111975,662.6052480155703,1.8643491545727535,33.5252226636722,2.9671473167558875,56.50247278780355,0.7670804512967819,65.87894258100346,49.0024928270743,20,1,smote_smogn
10.666666666666666,37.27652116419608,50.07304405936749,8.6891,16.579261452968378,972.9179938156587,732.2016801268336,1.9263521039299727,31.754224846170043,2.5882600053264286,55.34666201198085,0.7040930910544282,76.3375968704888,56.00617700940728,20,1,smote_smogn
13.333333333333332,33.421523637316135,48.22028775966251,8.467380448197378,16.06518508421516,848.6855979969529,1074.823253632405,1.9220116972028063,30.64638859815796,2.2373044469168635,53.73066168049077,0.6804189435749396,82.13429236072719,58.79075430860157,20,1,smote_smogn
16.0,29.520194981385785,46.22052700039817,8.313068748622056,15.465961188443334,714.5040187679019,1410.8751763564253,1.9182749747165675,29.356393054237845,1.91571376829527,52.62317213656714,0.6516845877703767,87.8975354509159,61.90757301637424,20,1,smote_smogn
18.666666666666664,28.545107934981047,45.689411643233086,8.385360387553206,15.066380745299186,614.1906872188208,1609.0098476322914,1.9357370974758368,29.197688735228937,1.8648563893523225,51.8115171552672,0.6470140485500802,85.17593889514669,61.64543587696532,20,1,smote_smogn
21.33333333333333,27.405463189487914,45.37120074950202,8.473127851180069,14.864924151624551,521.8142836732009,1802.9650709049647,1.9521020533597764,29.134277763116124,1.8055541146309655,51.33427202541149,0.639962964577476,82.26001049060756,61.0577477186803,20,1,smote_smogn
24.0,25.35322692304864,44.87269077460717,8.392865129653298,14.8165330500184,452.4232839464487,1921.97507972372,1.9309885349209548,28.57923010233998,1.7827597296540802,50.68767941488975,0.628009645359488,88.59852421159033,62.69769230591303,20,1,smote_smogn
26.666666666666664,23.774272733746127,44.25647725789575,8.326728056955867,14.636985076020837,408.8584826519567,1984.9069665630727,1.911348424667045,27.800008044670616,1.7365138440535606,50.29068149050655,0.6214305286292255,94.20008742136238,65.64201581530227,20,1,smote_smogn
29.33333333333333,22.472077114562563,43.6940607620091,8.177166626172966,14.519599129717395,396.6051227821568,2012.260257491548,1.8976272329167851,27.699642709864012,1.694204303244218,49.37638938771128,0.6184135661631269,97.68624565563005,67.51013356704807,20,1,smote_smogn
32.0,21.657151817383536,42.88016190329226,8.056918376441967,14.4115,376.89,2029.59,1.8867914770262864,27.1973828,1.661010510632406,48.63085510234371,0.614444989,100.79396559597068,68.21726272,20,1,smote_smogn
0.0,27.127,64.1145,6.3076,23.4545,494.97,400.4,1.812,42.499554,2.07692,68.5438,1.0,59.864,37.55529009,21,0,original
4.0,46.632,52.7755,8.322,20.2392,1180.92,670.6,1.7899,36.22614408,2.48788,60.9524,0.8629133,63.487,44.56936945,21,0,original
9.0,31.535,46.6536,8.75965,18.0957,861.37,900.96,1.8483,33.44628231,2.350975,58.12355,0.771523588,81.503,54.74579759,21,0,original
15.0,24.386,42.9244,8.5951,16.4545,737.33,1297.62,1.9454,32.0105843,2.21424,55.1396,0.701549809,86.029,59.26976671,21,0,original
21.0,22.228,41.8657,8.3153,15.6172,574.87,1579.88,1.9217,30.01157324,2.17042,54.2852,0.665850903,93.47,63.38719037,21,0,original
27.0,17.578,40.739,8.1118,15.2153,431.69,1770.62,1.937,29.4720361,2.13282,52.628,0.648715598,105.285,68.2699508,21,0,original
32.0,16.508,39.8272,8.0887,15.0813,384.55,1840.8,1.939,29.2426407,2.05073,50.8119,0.643002409,94.326,64.64514147,21,0,original
0.0,27.090592765368022,64.1145,6.3076,23.37297559177017,499.50883507932446,400.4,1.813425684772635,42.499554,2.0762858270692064,68.39471998572475,1.0,59.864,37.55529009,21,1,smote_smogn
2.6666666666666665,37.080447592962905,58.62084854572249,7.29966191213648,21.8351394192027,829.7476688388737,546.3887041241115,1.8003551576441734,39.32904737287387,2.278472404364987,64.51698670965608,0.931783033371251,61.50464344986506,41.37311731716964,21,1,smote_smogn
5.333333333333333,46.632,52.73359462907529,8.316146979498784,20.25173869781885,1180.92,672.3560080172301,1.7899,36.32817057297412,2.48788,60.84059045334538,0.8610328434250504,63.485975919237625,44.72580367493308,21,1,smote_smogn
8.0,38.96170836323419,49.905315835124426,8.540469421627408,19.14676384471743,1021.1083216224196,780.5487263866269,1.8201259006286112,34.883381636441136,2.4213647285295505,59.379582687697706,0.8163258959166128,72.45233045828712,50.05250974131741,21,1,smote_smogn
10.666666666666666,31.567550697409725,46.54880902916859,8.75965,18.006814283471865,865.4418161087473,908.907675150625,1.8495575369386343,33.389625102306695,2.354839808035324,58.1575127856641,0.77534241307019,81.46719866035816,54.98937071166702,21,1,smote_smogn
13.333333333333332,28.01322020063831,44.92561469154648,8.669740690306112,17.229703211556043,803.7226333158358,1091.0695801135446,1.896745763946648,32.73102084566216,2.283128435334333,56.579312946754015,0.7363706510505269,83.88606363218437,57.31845112233781,21,1,smote_smogn
16.0,24.45290833134634,43.1901077263048,8.608693926334594,16.532132332102147,737.6444195538058,1298.5615511148906,1.9454,31.93890156737865,2.21374037686084,55.085310232344334,0.7011362606191666,85.76324724515274,59.44271445020684,21,1,smote_smogn
18.666666666666664,23.25998183034685,42.57335214209845,8.452553062687983,16.11238619697926,653.228319848491,1436.976211944418,1.9322825715446064,30.996436012584265,2.187212629329569,54.61310630105612,0.6815581713793369,90.02432846788953,61.5939450549691,21,1,smote_smogn
21.33333333333333,22.45745120717108,41.88122259552231,8.305285594406916,15.56987786429212,578.5965772273507,1587.573646550066,1.9233216876528465,29.96709653220981,2.1704877315689792,53.9591444076657,0.6615396406022398,93.59752359018609,63.779698525599485,21,1,smote_smogn
24.0,19.564619819526868,41.25365898172517,8.216426879534026,15.452156701494824,502.9924900791752,1659.67541312578,1.9318787339398729,29.83601702872131,2.1518043945196186,53.60873710746912,0.6569190704196598,99.28340395933856,65.87119557321455,21,1,smote_smogn
26.666666666666664,17.502590219529264,40.514667785062464,8.13676287226078,15.152396641791109,427.518502682803,1762.2245901173228,1.9376133998233709,29.641733894835717,2.1344727516123547,52.52710682255083,0.6494562639384561,105.285,67.96048489353323,21,1,smote_smogn
29.33333333333333,17.12320881768429,40.32867401639645,8.10451093470282,15.223251849615403,403.7221096039473,1789.5328884229325,1.93554702626054,29.2426407,2.089942395939616,51.678350882217885,0.6483611909375957,100.26340435486094,66.39702786909768,21,1,smote_smogn
32.0,16.589873064068076,39.8272,8.084086974813973,15.094388846599118,384.55,1838.236571792248,1.938343039197692,29.2426407,2.05073,50.8119,0.643002409,94.60046186367248,64.72189539698637,21,1,smote_smogn
0.0,22.765,66.4665,6.5,24.1514,528.74,49.778,1.7792,42.97017088,2.01602,66.4828,1.0,55.792,36.11959695,22,0,original
4.0,56.538,54.9136,8.0674,21.0242,1472.3,65.699,1.7027,35.79790534,3.22426,58.062,0.870516823,52.407,40.34463133,22,0,original
9.0,33.795,49.489,8.0794,18.4408,965.43,90.934,1.8174,33.51430992,2.52403,54.6743,0.763549939,69.768,50.94198247,22,0,original
15.0,30.571,46.5205,8.4348,17.2501,710.93,137.514,1.8543,31.98686043,2.16018,51.7656,0.714248449,82.955,57.6545429,22,0,original
21.0,27.489,45.3667,8.2271,16.3924,503.21,175.342,1.8547,30.40298428,2.08467,50.6552,0.67873498,94.046,63.05111222,22,0,original
27.0,27.975,44.1423,8.1703,16.0502,435.34,194.571,1.8485,29.6687947,2.01602,50.0948,0.664566029,92.203,62.99424378,22,0,original
32.0,28.463,43.3738,8.3605,15.8,395.0,202.845,1.8453,29.15574,1.94737,49.3929,0.654206381,89.778,62.57276695,22,0,original
39.0,27.875,42.6051,8.1104,15.5167,381.31,210.053,1.8434,28.60348478,1.93364,48.8983,0.642476213,97.075,65.63639521,22,0,original
0.0,22.962361212367565,66.29416817620486,6.5,24.1514,527.7751026431922,49.778,1.777759935107226,42.94176624215096,2.0102086122453917,66.39115245792111,0.999624605316971,55.84527235853744,36.31954850338478,22,1,smote_smogn
2.7857142857142856,39.66119081094493,60.66202042806093,7.294392940778418,22.599608555403243,983.9251256950972,58.7488269148278,1.7402294362023956,39.48151407582513,2.6102622977955643,62.37520968679625,0.9384277365000512,53.974190796547695,38.335630763307776,22,1,smote_smogn
5.571428571428571,56.538,54.93843748443661,8.04344391141513,21.04597908773692,1471.9617576144854,66.05729266851974,1.703615724659005,35.79921503166749,3.22426,58.16355458036032,0.8677216677227135,52.407,40.211311672937214,22,1,smote_smogn
8.357142857142858,45.28167023436527,52.04837042422419,8.068979462556971,19.66592307611424,1217.7122243272263,77.92310015808395,1.7606713523516715,34.69870365830103,2.8696172552831527,56.29762448426983,0.8200248871315271,61.3618683056358,45.84780180456049,22,1,smote_smogn
11.142857142857142,33.76141728327901,49.25074452477927,8.081580314756907,18.428614089173,966.1062545086962,89.92146501554419,1.815041704397681,33.645044313353445,2.5199049729321774,54.72955038704988,0.761074931041379,69.87430948176777,51.0025445804601,22,1,smote_smogn
13.928571428571429,32.27702028520018,48.158281996090295,8.273512476514178,17.836005129316874,839.842379678804,112.70430950287714,1.83620592122172,32.73712100365381,2.354355586778236,53.04101032278212,0.7408994911838533,76.9454092146769,54.35198874590296,22,1,smote_smogn
16.714285714285715,30.498427725208728,46.52741452342239,8.423819355708753,17.22469723740806,706.4394682085232,137.99995211516122,1.85332585531812,32.070960528106724,2.157951795063566,51.83893291701998,0.7166548136825729,83.31703851085872,57.55158522946883,22,1,smote_smogn
19.5,29.06982217846284,45.972159180445146,8.318320690278622,16.85730067463825,616.7304455891789,154.81841419055073,1.853941607103992,31.14552504673153,2.1268351937096086,51.152413596616285,0.6971910656422311,87.5172803373278,60.35152021699108,22,1,smote_smogn
22.285714285714285,27.309890520277293,45.442270535507575,8.218780545510809,16.359088278325057,502.7755926159282,176.8605901150986,1.8544855133439084,30.42130213855834,2.0850681400096494,50.53089074238031,0.6770142166421919,94.4956870558711,62.896337221465856,22,1,smote_smogn
25.07142857142857,27.72062470801692,44.62091594796911,8.205487354880178,16.20238629100897,467.9640366170607,183.4908659367997,1.8530694186970025,29.919588250503352,2.040157114991868,50.41578778071209,0.6683372338840586,93.50770618084876,62.634676225262126,22,1,smote_smogn
27.85714285714285,28.14184739174985,44.08742073215078,8.171511843181612,15.983987138143831,440.2284758731124,194.36398147714735,1.8475162008788588,29.62819478643917,2.002150937059113,49.915322200930966,0.6603198326815546,91.96930672041644,62.93830099666732,22,1,smote_smogn
30.642857142857142,28.34703625915954,43.96261750763299,8.251445881495608,15.94497745426383,415.29173065278223,197.6849000463792,1.845575407617666,29.327090988372102,1.985359993251958,49.77853679598904,0.6634159651164747,90.853218919152,62.759081748206405,22,1,smote_smogn
33.42857142857143,28.566618035606336,43.30733821578508,8.36146298638862,15.84949011484412,411.8469526337028,202.88293501903715,1.8457248819092849,29.254015803497555,1.9601808122456588,49.278199131298905,0.6535605569686768,89.90866397458387,62.60021702683006,22,1,smote_smogn
36.21428571428572,28.21698014839715,42.95329114981458,8.250456523734579,15.639381011046174,386.7767751974288,206.47976372581596,1.8443235649940375,29.01959309173029,1.942872948631608,49.00922104818774,0.6459380324286252,93.10463144789745,64.3469441993991,22,1,smote_smogn
39.0,27.90167818928598,42.6051,8.112958227924638,15.559122463639564,383.6199703818421,210.053,1.8445388238956395,28.60348478,1.938331657062867,48.90436315747191,0.642476213,96.9979682180923,65.5059747257503,22,1,smote_smogn
0.0,22.765,66.4665,6.3899,24.1514,528.74,49.782,1.7804,42.99915256,2.03661,66.4828,1.0,55.792,36.11959695,23,0,original
4.0,57.468,54.8464,7.9298,20.297,1686.08,63.51,1.7537,35.5948489,3.4508,57.5795,0.840406767,66.868,46.70326713,23,0,original
9.0,39.835,48.0885,8.5611,17.8046,1222.02,74.521,1.8269,32.52722374,2.79176,52.3981,0.737207781,75.477,54.05718932,23,0,original
15.0,33.978,44.7206,8.4623,16.5228,742.05,129.856,1.8433,30.45647724,2.2357,50.5934,0.684134253,94.371,62.93975531,23,0,original
21.0,31.98,43.5001,8.1858,15.726,499.28,186.281,1.8466,29.0396316,2.01602,49.4136,0.651142377,86.247,61.4560379,23,0,original
27.0,30.914,42.3416,8.0464,15.2018,431.45,218.64,1.8602,28.27838836,1.94737,48.6463,0.629437631,99.241,66.94570479,23,0,original
32.0,31.713,41.8403,7.9614,14.9213,379.39,226.365,1.8382,27.42833366,1.89245,48.0135,0.617823397,118.128,74.09084775,23,0,original
39.0,30.504,41.1384,7.904,14.7594,357.97,228.106,1.836,27.0982584,1.83753,47.7259,0.611119852,105.636,69.96698164,23,0,original
0.0,22.765,66.41577847456948,6.39388400188728,24.093254955524984,526.7023920765722,49.782,1.7802425257579035,42.87170034358404,2.0424560716094384,66.4828,1.0,55.799975047807614,36.11959695,23,1,smote_smogn
2.7857142857142856,40.36567848017743,60.48538734998596,7.160045665419246,22.36167443590288,1108.4402593340328,55.81831612176661,1.7667664682658035,39.293341549807536,2.734386845683259,62.05146403527885,0.917601094610324,61.11287568661791,41.196330856286295,23,1,smote_smogn
5.571428571428571,57.36343472976893,54.791523188385554,7.929590388764017,20.33132332965901,1686.08,63.47733665858823,1.7540616563978555,35.73495780061317,3.4388527334105143,57.721000226114455,0.8408059182421738,66.98872284894806,46.82873748737646,23,1,smote_smogn
8.357142857142858,48.32148803120272,50.97492528318302,8.237790929268726,19.158768233832863,1453.0044660982037,65.68861650540205,1.7905745668512896,34.03271820302815,3.1251669068475607,55.013199999401145,0.7861423137282179,70.97513028179213,50.12200711858983,23,1,smote_smogn
11.142857142857142,39.90049469631905,48.00096947313979,8.555261660942634,17.851289018920543,1212.2595180948765,72.98329508359178,1.8272865933720372,32.59897998445288,2.7855789964470143,52.23610788000968,0.7344448688507134,75.64908561463173,54.57574615802792,23,1,smote_smogn
13.928571428571429,36.94697358084272,46.39240797500791,8.516286842534381,17.121924587445086,980.6780659967272,101.31299300444188,1.8359226254756504,31.56898299846869,2.498327559785983,51.65424325618077,0.7144131882049493,85.37063114384377,58.78651668920688,23,1,smote_smogn
16.714285714285715,33.983600754254255,44.80419338478084,8.44743152382125,16.501301319307224,738.1515356611236,131.54195178846297,1.844516916873576,30.4305498823054,2.245226462909426,50.48996692760802,0.6866278471103348,94.10679791103892,62.94255051164054,23,1,smote_smogn
19.5,32.874417581755736,44.07050479342009,8.33041499301225,16.157536605530417,632.618053263853,156.93222924657954,1.845031436202475,29.868361086077293,2.1395424674615118,50.14028464979253,0.6676286558755465,90.26104049979708,62.39069136721977,23,1,smote_smogn
22.285714285714285,31.9743701898195,43.55166034520123,8.181630321424766,15.750637286027647,509.1110689002888,186.53297497427164,1.8473182233040029,28.773796032491912,2.031291861579672,49.40374902832672,0.6515731957790739,86.41644371387814,61.0922278588041,23,1,smote_smogn
25.07142857142857,31.363745489758177,42.59758509142727,8.124960347569079,15.43138814013637,466.2676287075052,202.7768057105705,1.8531702784341872,28.54725734095956,1.9835290789674245,49.15832412455972,0.6397119466326949,92.58391248173524,64.76173859207859,23,1,smote_smogn
27.85714285714285,30.86476479333669,42.333171036147824,8.056715001029808,15.116767757375706,420.715531855367,220.45218953551628,1.8602,28.19470461255951,1.953508831504959,48.77017208057149,0.6307663923682932,99.41154186515956,66.81451847657928,23,1,smote_smogn
30.642857142857142,31.450553075848088,41.84187800214286,7.985943511812418,15.246693689669495,395.129132342654,224.26534803737428,1.8498934295007543,27.77844357292441,1.9333449880143871,48.376854687038026,0.62205418102148,108.88849432115263,70.49149345036216,23,1,smote_smogn
33.42857142857143,31.74299830122761,41.66110734135547,7.955158144823001,14.913351438762213,379.5169536387132,226.2847126488054,1.8388587464440256,27.459066241181933,1.8861593121044484,48.06901204625619,0.6201404673806538,118.128,73.67833162303849,23,1,smote_smogn
36.21428571428572,31.20782570095672,41.46159315605001,7.923517990783591,14.822006666310187,371.5032947304023,226.57161409630504,1.837161451003576,27.289803887308537,1.875882975775796,47.91583441492374,0.6138815105185511,111.65942387168155,72.13700120701367,23,1,smote_smogn
39.0,30.466242069730946,41.32767126682615,7.884544773574529,14.765782203456451,357.97,227.17913652532863,1.8355633958832591,27.13426696770448,1.8402309496547349,47.7259,0.611119852,105.2897249015876,69.72107581465899,23,1,smote_smogn
0.0,22.765,66.4665,6.3899,24.1514,528.74,49.782,1.7804,42.99915256,2.0778,66.4828,1.0,55.792,36.11959695,24,0,original
4.0,44.623,56.0469,7.7922,20.8726,1378.94,64.605,1.7118,35.72971668,3.08009,57.9929,0.864239754,75.24,48.65769739,24,0,original
9.0,33.948,50.5556,8.0519,18.4106,899.36,102.42,1.8239,33.57909334,2.92906,55.0188,0.762299494,82.137,55.35533377,24,0,original
15.0,29.797,47.4534,8.2559,17.5835,675.96,138.062,1.8374,32.3079229,2.65446,52.7311,0.728053032,86.759,58.41806243,24,0,original
21.0,28.727,46.3669,8.3784,16.8167,518.76,164.401,1.8542,31.18152514,2.52403,51.8963,0.69630332,95.57,62.85325376,24,0,original
27.0,27.818,45.3418,8.129,16.3836,454.81,183.081,1.8579,30.43909044,2.42105,51.681,0.678370612,90.49,61.81259654,24,0,original
32.0,28.773,44.7071,8.0165,16.2243,402.78,191.358,1.8574,30.13501482,2.34554,50.9793,0.671774721,103.286,66.60019007,24,0,original
39.0,28.646,44.672,7.9315,16.0015,389.11,198.563,1.8659,29.85719885,2.29062,50.5533,0.662549583,99.168,65.5343245,24,0,original
0.0,22.765,66.4665,6.397288606448523,24.148074441043835,520.9619277047153,49.782,1.7798722398902398,42.90695388164913,2.081185513746916,66.39568980100884,0.999238840470396,56.08847965245912,36.11959695,24,1,smote_smogn
2.7857142857142856,33.5863871818446,61.41131319220735,7.086445314047436,22.514205217130467,950.353827143872,59.40044599929695,1.7464881392501028,39.30215566404421,2.57522184350492,62.34561295951546,0.930498321215844,65.54542282627744,42.00580208461729,24,1,smote_smogn
5.571428571428571,44.623,55.92961945917824,7.804385879666989,20.869117109284367,1378.94,66.22047611966465,1.7120350301279488,35.66046634255349,3.069487199810487,58.01151927012727,0.8625823962847218,75.25084901695459,48.52766378403003,24,1,smote_smogn
8.357142857142858,39.29909119783699,53.38014537784128,7.933051681992294,19.689749738213376,1135.6506854145402,81.7751911155089,1.7683275121750013,34.5864605838558,2.99059658666697,56.34049863876343,0.8156086301522675,78.50771499051567,51.73076709842151,24,1,smote_smogn
11.142857142857142,33.91466408474249,50.41148377499475,8.051060162653396,18.380418229617668,898.057527187131,100.41184183810152,1.8248159080372728,33.62093396213663,2.937118423806386,55.06562853060742,0.7614076428546047,82.42905034885939,55.70443085555565,24,1,smote_smogn
13.928571428571429,31.87227463549282,49.12378463295508,8.163761615197705,18.017497203976543,797.1066983712574,120.15176552682468,1.8319521127668328,33.00692802002624,2.7812679883981217,53.81969774101724,0.7494809745643176,84.47992254630546,56.61300763770217,24,1,smote_smogn
16.714285714285715,29.62688055718652,47.41548921433755,8.231671868092924,17.527688744478887,670.0084707824429,140.05120478600654,1.8392285920464064,32.43266958192675,2.654105537736553,52.70511853524188,0.729403568761872,86.70051424078237,58.86997328342178,24,1,smote_smogn
19.5,29.30319581122726,46.93603317156443,8.330794308794975,17.23623580295369,583.8444318600408,151.92463264265209,1.845814797863616,31.69346242848079,2.591193999551245,52.31443561566508,0.7067924459200378,91.07382890576476,60.725537182679886,24,1,smote_smogn
22.285714285714285,28.889206089971477,46.32061637678099,8.3784,16.80103002981436,515.2601495462742,164.36677915832874,1.8536918660273387,31.20670406338141,2.516798965077165,51.8251204506916,0.6980865489939072,95.83638503124968,62.76257290509472,24,1,smote_smogn
25.07142857142857,28.19971027152622,45.94445840723957,8.242768400686666,16.598151458706283,484.86678811770224,173.26640934645923,1.8549015133854465,30.76280490232165,2.4694920602533963,51.95050109604795,0.6872296406230343,92.96194649636902,62.47385028036482,24,1,smote_smogn
27.85714285714285,27.733625736463274,45.319271577651726,8.131531499160799,16.365940640520233,451.94583177589686,184.20189471880136,1.8583074500498529,30.44056788263554,2.423686602602837,51.54695117298616,0.6755644110889094,90.75705228020593,61.69995664034515,24,1,smote_smogn
30.642857142857142,28.31307541345265,45.30275984745092,8.05238503384433,16.292459602329096,430.3662985358368,187.40471565684248,1.8584322437341847,30.178367098097095,2.3849101202982728,51.33523859548752,0.6777058529663181,96.76566136466596,63.96005068515299,24,1,smote_smogn
33.42857142857143,29.062852615461864,44.89008888026547,8.008827284726774,16.17530981407103,396.7704907946667,193.16006688257536,1.8561366236840016,30.05255271791137,2.3430038803284714,51.01353232127276,0.6708946397323448,103.286,66.60019007,24,1,smote_smogn
36.21428571428572,28.821523110309915,44.672,7.985011617038631,16.128954146212656,389.11,193.20427518845696,1.862722449883128,30.05506536829816,2.319384494930539,50.769999496803,0.666110431415605,101.28072608815876,66.18960688528239,24,1,smote_smogn
39.0,28.63640829826964,44.696691764211,7.93137099143332,16.02854527513122,389.11,198.563,1.865805043720196,29.85719885,2.290057053630661,50.5533,0.6633070615019389,98.9213496453213,65.75774852846554,24,1,smote_smogn
0.0,15.453,65.8464,6.3541,25.3008,478.6,40.304,1.909,48.2992272,2.5391,71.2157,1.0,51.92,34.75441919,25,0,original
4.0,59.942,53.9921,8.3609,19.8992,1878.32,54.663,1.8755,37.3209496,3.38415,63.2262,0.786504775,69.354,49.83542027,25,0,original
9.0,48.173,46.2136,8.5544,17.2284,1623.11,64.294,1.937,33.3714108,2.54243,57.2054,0.680942895,85.794,60.0492526,25,0,original
15.0,31.617,42.5078,8.3051,14.8497,889.11,151.631,1.981,29.4172557,2.05661,53.0108,0.586926105,102.447,69.85505425,25,0,original
21.0,27.27,41.1154,8.4979,14.6495,547.22,194.496,1.975,28.9327625,1.74734,51.7885,0.579013312,97.086,68.29601766,25,0,original
27.0,24.767,40.1826,8.3108,14.3521,398.8,224.312,1.9912,28.57790152,1.68262,51.2239,0.567258743,120.61,77.08193236,25,0,original
32.0,23.519,39.0922,8.2138,14.4454,372.73,237.51,1.9156,27.67160824,1.61861,50.159,0.570946373,127.15,79.23346831,25,0,original
39.0,22.255,38.3095,8.1929,14.2773,351.43,242.46,1.9339,27.61087047,1.60638,49.6016,0.564302315,117.962,76.27202694,25,0,original
0.0,15.841823075627769,65.8464,6.356235726329893,25.25995892829445,469.6582597566807,40.304,1.90733326026712,48.13637043751156,2.547696310023948,71.2157,0.9981663724930344,51.92,34.75441919,25,1,smote_smogn
2.7857142857142856,38.430525216477925,59.60381288818983,7.368818656564319,22.569213722042,1171.20017238129,48.4552487968176,1.8913201839653024,42.73227845982606,2.942288855347752,67.21076754003498,0.8928325179582385,61.37535748932348,42.131678759615305,25,1,smote_smogn
5.571428571428571,59.942,53.97762905541511,8.35852436951365,19.812257205392044,1878.32,55.94773936164329,1.8755,37.281302096840605,3.3812573507007717,63.53903992468018,0.7912075215795669,69.01955597478508,49.64303975705364,25,1,smote_smogn
8.357142857142858,53.89246684609223,50.28298334446399,8.460605289044025,18.638903571018133,1761.8219215310648,56.38960513058297,1.9066547947836805,35.06156218804927,2.9699809020481296,60.12582215161986,0.7332879024003892,77.6859420105581,54.965188271899066,25,1,smote_smogn
11.142857142857142,48.2857132568066,46.12426349974966,8.5544,17.335210873394175,1628.9919965543877,63.64888346725556,1.937346117924701,33.347700265800334,2.550917217568992,57.15782615917851,0.6774445899849805,86.07446286307399,59.98491097614552,25,1,smote_smogn
13.928571428571429,39.82874380734548,44.116603309722365,8.416477884454007,16.10425713546823,1276.3345656572,109.4443817574202,1.959333833385587,31.505386882980225,2.30719867709175,55.0560492709471,0.6326137763851705,94.8227138423797,64.8787627721749,25,1,smote_smogn
16.714285714285715,31.847458323674218,42.53148439825053,8.327764260260508,14.93441096026138,906.5423928118728,152.05927151205017,1.980728743671348,29.485402080684327,2.05998955228438,53.00076215412886,0.5889211316395434,102.37552890819788,70.21761781570157,25,1,smote_smogn
19.5,29.120656323937897,41.71364546446847,8.39631107815387,14.726621899671706,722.867309615745,171.19649662537063,1.9777682094820812,29.115394207412614,1.899731465577087,52.35633995325272,0.5847878688854848,99.51598541935678,69.48880118788115,25,1,smote_smogn
22.285714285714285,27.859441007554405,41.21737812692876,8.505130618926946,14.607078364637214,538.2790804940104,190.7041156578375,1.974484729581544,28.938401494871417,1.7535066508416817,51.60315034567482,0.5784856924020159,97.1663737018322,67.86340456646819,25,1,smote_smogn
25.07142857142857,26.231556830640184,40.50559164242021,8.412827008381534,14.448888674287076,459.04295608619526,208.8332475578066,1.9836434735730208,28.68851359311315,1.7040576509221546,51.43419134313576,0.5749369913340233,109.44433493681731,72.77699923179959,25,1,smote_smogn
27.85714285714285,24.34787803593433,40.05744549955986,8.309261615236187,14.395042229944377,394.66974853151527,224.2003000005603,1.9905487826682149,28.595773849959365,1.6729377278377011,51.211038309215766,0.564302315,120.53097080874556,76.87318938381075,25,1,smote_smogn
30.642857142857142,23.96653392095437,39.310030780066434,8.268987083142488,14.413889147456157,393.7957370782912,229.5317552234364,1.954001374444283,28.30978566454742,1.6513226453520362,50.8533164372378,0.569376173279921,123.43655280761062,78.09099521907065,25,1,smote_smogn
33.42857142857143,23.72210966389107,39.119728255120776,8.216509009643161,14.440251338152477,392.2056512892598,237.73326510703123,1.9157470497337348,27.787965088864823,1.620595310588374,50.44914925358998,0.573214488357081,126.43446240701816,79.23346831,25,1,smote_smogn
36.21428571428572,23.17977342929667,38.67478603976456,8.187727138026561,14.447702422891776,366.53080659860296,240.7751494990911,1.924718132425444,27.70380833717418,1.60638,50.056250931187,0.5654295467630223,121.98882183210162,77.69558974764483,25,1,smote_smogn
39.0,21.938360177619096,38.3095,8.189238244238208,14.30429896254198,363.8908841259204,242.46,1.9334353977147856,27.61087047,1.6115972010844202,49.6016,0.564302315,118.36342883463598,76.33395154857571,25,1,smote_smogn
0.0,15.453,65.0002,6.2907,25.3008,478.6,40.314,1.9046,48.18790368,2.5391,70.7071,1.0,51.92,34.75441919,26,0,original
4.0,37.382,59.5307,6.8513,23.2164,951.65,82.524,1.8091,42.00078924,2.97715,67.1561,0.917615253,58.244,40.43168571,26,0,original
9.0,22.992,56.675,7.9708,22.5292,793.14,101.642,1.804,40.6426768,2.81619,63.7542,0.890454057,68.016,45.01368695,26,0,original
15.0,15.7,54.4306,8.0387,22.2643,705.83,110.718,1.8177,40.46981811,2.693,62.8338,0.879984032,64.063,44.05809158,26,0,original
21.0,13.054,53.8079,8.2696,22.2595,684.71,117.419,1.8164,40.4321558,2.56126,62.6305,0.879794315,72.641,47.09043537,26,0,original
27.0,12.255,53.1058,8.2982,22.157,678.84,119.373,1.8144,40.2016608,2.39295,62.8669,0.87574306,68.688,45.86623253,26,0,original
32.0,12.083,52.0152,8.3026,22.0552,678.2,118.336,1.8131,39.98828312,2.43253,62.6013,0.871719471,75.435,48.41344474,26,0,original
39.0,11.284,51.5406,8.4084,22.0495,692.6,119.138,1.8118,39.9492841,2.36856,62.7001,0.871494182,78.569,49.52784847,26,0,original
0.0,15.645060900004076,64.93658989329464,6.2907,25.2807206099562,478.6,40.314,1.9046,48.18790368,2.53543787513723,70.6585279775623,0.99974049737296,51.92,34.80926677297914,26,1,smote_smogn
2.7857142857142856,26.40893056756076,62.20293825249266,6.576401445714626,24.272265310871244,715.16205916622,61.374473434851325,1.8571382374624172,45.1830602873106,2.751103478367246,68.93843960267942,0.958194388887075,54.9987549113978,37.5019393353357,26,1,smote_smogn
5.571428571428571,37.35233791541816,59.55051355141864,6.864397607792469,23.218737415194003,951.6210764508962,82.6140278244109,1.8082669865936356,42.08173088171187,2.974246079948601,67.15195507522502,0.9174810226740634,58.04727787938875,40.37145494301141,26,1,smote_smogn
8.357142857142858,30.16627615059516,58.19559404349541,7.411802065866298,22.82996230555212,872.3454063888205,91.43599228059796,1.8076209360937592,41.33612393854467,2.893227739948762,65.49271140609828,0.9036950044915844,63.14948373228481,42.723157168392135,26,1,smote_smogn
11.142857142857142,22.98186299481996,56.70202269040999,7.962681387548452,22.54724411437937,794.2217853774985,102.38889598924102,1.804,40.649713751739554,2.8175478361337025,63.75458284092674,0.8916789191192852,67.80447421096905,45.086264487153386,26,1,smote_smogn
13.928571428571429,19.27122806112548,55.621710351720274,8.000244612652583,22.398056216085948,749.8507166847357,106.87941720062624,1.8109283423153424,40.53254149966506,2.7560154572331474,63.381946770761886,0.8843332775746666,66.17655483713715,44.45774133517888,26,1,smote_smogn
16.714285714285715,15.7330869813161,54.42518382254891,8.011066911982311,22.278261807381693,705.3223843380321,110.10867240659448,1.8176246498367197,40.50296898961391,2.694201645827281,62.75356629994413,0.8802651421566987,64.15173343737716,44.2024608182706,26,1,smote_smogn
19.5,14.36214911852434,54.13030158846037,8.14961014621585,22.25781820181398,693.2528523884713,113.20352385204826,1.8169964570145796,40.482487555062,2.621760782778908,62.774605304943584,0.8811477951742639,68.43595917776257,45.465309871559725,26,1,smote_smogn
22.285714285714285,13.02606720871358,53.936345787170296,8.254408141702507,22.28858247623143,687.4462930305326,117.37729935004546,1.8168356429973327,40.39966273871258,2.556956269710797,62.640571750332704,0.8803491625451526,72.44191788885132,47.21549135664373,26,1,smote_smogn
25.07142857142857,12.729797033785625,53.52124440010105,8.274368118376255,22.20132887315496,685.761956590758,118.98243709325294,1.815045500442806,40.34897332526158,2.474734428733854,62.67780778041352,0.8769633479594369,70.64191381590474,46.57510101365362,26,1,smote_smogn
27.85714285714285,12.266650413751766,53.178611525392114,8.282318790785515,22.10922959319802,682.3493277783028,119.35804712844846,1.814183282958833,40.24658116417095,2.3930389647975794,62.76240811660785,0.8746382612535439,68.62936617098192,45.75087085257668,26,1,smote_smogn
30.642857142857142,12.083816930720277,52.53997001776428,8.282948029044249,22.089981572468368,679.9265417723001,118.9752896223175,1.813175734908526,40.04500463691164,2.411451802326833,62.67725392868804,0.8739278239982008,72.07698380410406,47.0081740624484,26,1,smote_smogn
33.42857142857143,11.965626761227869,52.014790668184126,8.28892002375524,22.064300476453734,674.8297589270388,118.13168567374213,1.8136620213975445,39.99674344301956,2.433724137735282,62.66239397459165,0.8718272934682917,75.51460001663229,48.47151385794604,26,1,smote_smogn
36.21428571428572,11.698626533585948,51.80942209743438,8.364121488685687,22.055233191327,681.7837850909458,118.80496933938308,1.8125832660702708,39.96585550472022,2.404294836760717,62.70604093863906,0.8724896232110333,76.9246464760999,48.94020287008983,26,1,smote_smogn
39.0,11.284,51.5406,8.401454650843835,22.0495,691.4965801853964,119.373,1.8121191439448272,39.9492841,2.36856,62.69359932054103,0.8718870450177053,78.49731149849138,49.44662130309882,26,1,smote_smogn
0.0,15.453,65.6926,6.3667,25.3008,478.6,40.314,1.9039,48.17019312,2.5391,70.7071,1.0,51.92,34.75441919,27,0,original
1.0,21.375,54.624,6.82433,25.491,403.5,17.182,1.7685,44.608,0.88669,77.71935695,1.0,48.871,33.67941222,27,0,original
1.0,23.323,50.977,6.71585,29.222,317.78,15.035,1.43883,41.319,0.88669,72.48642521,1.0,48.671,33.60889684,27,0,original
1.0,22.154,60.594,6.43753,34.907,217.77,14.375,1.12928,38.358,0.86311,67.95969548,1.0,55.487,36.012061,27,0,original
1.0,22.414,55.885,6.71583,30.377,512.43,14.21,1.41069,42.569,0.83717,73.87776194,1.0,56.186,36.25851225,27,0,original
1.0,21.246,49.584,6.51301,34.463,453.49,14.21,1.22174,41.187,0.85839,72.58871937,1.0,45.133,32.36147977,27,0,original
1.0,21.115,60.793,6.89037,23.892,519.56,15.2,1.8328,43.424,0.83716,75.4926801,1.0,50.157,34.13282612,27,0,original
1.0,21.765,49.915,6.71111,23.27,303.49,16.274,1.83282,41.713,0.79706,73.52811969,1.0,51.477,34.59822763,27,0,original
1.0,19.428,58.936,6.78186,29.488,207.07,17.017,1.39867,40.595,0.8584,71.10462318,1.0,43.458,31.77091346,27,0,original
1.0,46.772,54.586,6.5217,30.0,358.2,129.68,1.186366667,35.591,4.3,61.358884,1.0,0.582,16.65382627,27,0,original
1.0,20.207,54.956,6.71112,33.486,167.77,15.035,1.16142,38.226,0.82065,67.04861865,1.0,48.269,33.46716093,27,0,original
3.0,59.697,62.574,7.2867,30.0,339.6,169.54,0.882566667,26.477,2.9,45.646348,1.0,22.014,24.2102544,27,0,original
4.0,48.972,60.2231,7.6885,22.1756,1160.39,62.364,1.8237,40.44164172,3.31758,65.3372,0.876478214,64.102,44.21855071,27,0,original
5.0,62.828,53.75,7.34229,25.296,542.44,15.2,1.72675,42.976,1.33906,75.30409243,0.992350241,51.839,35.04598138,27,0,original
5.0,58.023,50.102,7.21023,28.85,510.29,15.943,1.40916,40.015,1.38387,70.08795458,0.987269865,46.628,33.42130261,27,0,original
5.0,59.191,61.311,6.11587,33.469,206.72,15.366,1.15185,37.647,0.98293,66.46238543,0.958804824,49.434,35.60181539,27,0,original
5.0,48.672,59.786,6.01683,28.761,187.08,18.007,1.36894,38.568,1.04661,67.87747168,0.975345903,51.238,35.54566643,27,0,original
5.0,58.282,48.178,6.59702,34.357,467.43,15.118,1.21619,41.002,1.29662,72.03671907,0.996924238,44.09,32.12245408,27,0,original
5.0,56.334,59.984,6.38475,23.431,565.65,15.943,1.84333,42.515,1.20935,74.46139646,0.980704838,52.932,35.91867532,27,0,original
5.0,56.594,54.744,6.87531,29.649,528.15,15.2,1.41318,41.002,1.25417,72.23452047,0.9760345,52.53,35.97237996,27,0,original
5.0,53.347,55.806,6.05455,31.425,174.58,17.017,1.18401,36.463,1.00652,64.14575457,0.93845189,51.439,37.16044518,27,0,original
5.0,56.204,50.168,7.37531,20.766,378.15,15.118,1.86344,37.252,1.20463,66.71224025,0.89239364,45.826,37.10883942,27,0,original
7.0,52.406,41.539,7.2504,30.0,339.6,164.75,0.7516,22.548,2.5667,38.872752,1.0,17.959,22.78055507,27,0,original
9.0,48.176,50.487,6.80837,21.992,709.95,16.108,1.53223,32.199,1.38579,58.09328692,0.723968792,43.047,43.17713491,27,0,original
9.0,33.653,59.7519,7.9834,20.8382,991.72,98.688,1.7931,37.36497642,2.89761,61.7166,0.823618226,79.329,51.79928119,27,0,original
9.0,52.072,48.232,7.11027,21.104,679.6,15.2,1.56442,31.541,1.40701,56.91875593,0.722195606,41.778,42.80391768,27,0,original
9.0,50.124,56.125,6.25177,29.543,304.6,18.172,1.12222,31.673,1.10513,57.15705717,0.846334546,42.58,37.89181848,27,0,original
9.0,56.487,55.461,6.648,18.35,649.24,19.08,1.98251,34.962,1.28437,62.71749685,0.768039511,46.866,42.67939032,27,0,original
9.0,47.267,45.712,6.5678,27.589,606.38,16.191,1.29507,34.896,1.24664,61.59797906,0.800539709,53.295,43.58606523,27,0,original
9.0,30.124,54.4,6.18573,33.096,220.67,16.274,1.0579,33.778,1.02258,60.36113348,0.988353342,56.612,36.89608994,27,0,original
9.0,55.189,49.757,7.05838,16.662,743.88,19.163,2.04283,33.054,1.43531,58.68088009,0.653642462,56.814,50.97402044,27,0,original
9.0,43.89,48.298,7.12442,18.972,433.16,14.953,1.84178,33.252,1.1971,60.24043928,0.815298668,60.221,45.41039189,27,0,original
9.0,52.851,58.048,6.14328,24.391,268.87,15.118,1.37147,32.199,1.0721,57.6704287,0.827150027,53.606,42.5821496,27,0,original
13.0,26.121,45.699,6.86408,17.623,489.98,22.052,1.67143,28.001,1.16836,50.78147317,0.603073027,65.597,56.18689214,27,0,original
13.0,28.589,48.02,6.96314,13.27,454.25,20.153,2.21817,28.067,1.35938,50.74613981,0.52057589,64.794,59.35604633,27,0,original
13.0,28.199,56.245,6.38766,22.597,322.12,19.08,1.45028,31.093,1.06222,56.49888862,0.76631172,68.803,50.48617299,27,0,original
13.0,30.797,55.449,6.33578,26.506,389.97,20.153,1.18095,29.514,1.15656,53.96509745,0.759331939,65.796,49.71805847,27,0,original
13.0,28.979,44.837,6.74145,23.486,447.11,19.163,1.38596,30.895,1.12826,56.11733191,0.681484491,68.127,53.79761224,27,0,original
13.0,33.264,54.122,6.74144,15.047,464.97,23.125,2.17395,31.224,1.35232,56.39449782,0.629792399,69.734,56.52737213,27,0,original
13.0,32.226,48.617,6.8971,18.778,456.04,21.061,1.63123,28.856,1.26977,52.80825248,0.618165059,71.141,57.51001934,27,0,original
13.0,26.252,45.765,7.10464,16.379,357.82,17.182,1.98902,31.093,1.23203,56.16474539,0.703867641,60.383,50.13058478,27,0,original
13.0,24.953,53.061,6.32162,31.303,302.47,16.026,1.06841,32.343,1.05279,57.65821151,0.934808577,64.593,41.95070417,27,0,original
14.0,50.749,27.81,7.3655,27.799,414.2,165.01,0.750350732,20.859,3.2333,35.960916,0.926633333,31.693,30.69303511,27,0,original
15.0,20.645,58.5848,7.1253,20.2154,919.68,85.823,1.7849,36.08246746,3.21102,58.6859,0.799002403,72.145,50.29647175,27,0,original
17.0,25.626,51.921,6.42922,32.53,330.7,15.118,0.98646,30.843,1.083,55.32237351,0.971450756,60.746,39.06096859,27,0,original
17.0,25.236,46.814,7.10846,11.565,241.42,34.104,2.26893,24.724,1.2646,45.23806248,0.453689537,61.348,60.94007225,27,0,original
17.0,25.236,53.314,6.84432,13.786,318.2,27.913,2.24478,29.658,1.22215,53.35182993,0.577013226,86.174,64.53239648,27,0,original
17.0,25.496,44.89,6.7877,15.563,280.71,31.132,1.74626,25.316,1.12073,46.85322451,0.532578195,88.813,67.32232816,27,0,original
17.0,24.976,54.508,6.52356,22.048,293.2,17.182,1.34021,30.842,1.09479,50.94238994,0.747693977,63.552,49.41389192,27,0,original
17.0,23.287,54.044,6.47638,23.913,332.49,20.979,1.23977,28.145,1.24337,51.1107729,0.685048844,74.98,56.06466357,27,0,original
17.0,23.288,47.941,6.91034,16.451,486.06,29.068,1.74224,26.369,1.31413,49.41258157,0.541561049,89.388,67.14915264,27,0,original
17.0,23.418,44.028,6.68865,20.449,450.34,21.061,1.47292,28.737,1.17498,51.92643362,0.593360996,82.757,62.64353298,27,0,original
17.0,25.366,44.824,6.99997,14.852,280.7,16.108,2.09602,30.053,1.35422,53.6682735,0.63824667,71.371,56.75075305,27,0,original
21.0,23.441,54.031,6.43302,22.652,321.44,17.925,1.21412,29.802,1.20283,47.41387252,0.768176886,68.326,50.23994188,27,0,original
21.0,23.441,44.612,6.91887,14.48,346.43,16.108,2.13871,29.473,1.34198,53.38972986,0.622260421,77.948,59.73863091,27,0,original
21.0,23.571,47.597,6.99908,15.279,410.73,34.186,1.78494,25.394,1.27829,47.0170974,0.502979228,90.556,69.1755033,27,0,original
21.0,23.96,44.347,6.82456,13.947,205.37,37.983,1.84124,23.092,1.15329,44.27193086,0.477277394,95.39,71.95540959,27,0,original
21.0,23.701,53.566,6.40945,22.652,342.86,20.071,1.27438,26.908,1.27594,49.76714893,0.648924285,74.942,57.56297697,27,0,original
21.0,24.09,43.087,6.76794,20.609,421.43,22.795,1.45531,28.684,1.12263,51.70704205,0.598003656,85.532,63.42765159,27,0,original
21.0,23.7,52.771,6.91417,12.703,292.87,28.903,2.26336,26.645,1.16509,49.56752063,0.531684246,88.748,67.33681991,27,0,original
21.0,26.722,24.601,7.7476,34.163,153.0,165.28,0.606299213,20.713,3.05,35.709212,1.138766667,70.507,35.5007709,27,0,original
21.0,16.919,58.5003,7.1278,19.6578,837.43,75.324,1.8325,36.0229185,3.19019,57.027,0.776963574,76.882,52.8888916,27,0,original
21.0,24.61,45.342,7.05097,10.571,189.29,40.873,2.32766,22.236,1.20989,42.42021621,0.414695383,66.722,64.46661634,27,0,original
21.0,24.221,50.582,6.38586,32.602,342.86,14.953,0.96485,30.395,1.06131,54.23021244,0.973600908,66.922,41.1485057,27,0,original
27.0,14.573,57.8751,6.6237,19.0349,836.68,70.76,1.8182,34.60925518,3.07371,56.027,0.752343799,73.136,52.59840694,27,0,original
32.0,13.475,57.323,6.755,18.7056,830.96,72.095,1.8203,34.04980368,2.91352,55.4709,0.739328401,70.383,52.1724206,27,0,original
35.0,24.568,26.17,7.783,20.766,41.0,230.44,0.96985457,20.14,3.0,34.72136,0.6922,88.268,60.45044964,27,0,original
39.0,13.138,57.6943,6.5184,18.8952,835.17,69.931,1.8185,34.3609212,2.88656,54.8414,0.746822235,67.658,50.89805264,27,0,original
49.0,29.207,34.752,7.4718,26.124,59.7,598.95,0.738248354,19.286,3.3,33.249064,0.8708,82.165,50.82476458,27,0,original
63.0,22.082,37.684,7.7958,23.445,41.0,992.3,0.726423544,17.031,2.9333,29.361444,0.7815,113.681,65.6735323,27,0,original
84.0,16.945,38.48,7.3399,21.435,59.7,1564.92,0.682481922,14.629,2.55,25.220396,0.7145,97.852,62.8963543,27,0,original
120.0,10.317,45.13,6.8543,17.751,3.7,1730.4,0.672300152,11.934,2.2,20.574216,0.5917,138.612,82.40622378,27,0,original
0.0,15.45495588887628,65.6926,6.365360204249563,25.363455132508044,478.6884634496656,38.69002471398464,1.8981223717203024,48.09990646597105,2.550970075654324,70.75798580996012,1.0017900159359534,51.56060401782942,34.81718782112161,27,1,smote_smogn
0.8450704225352113,18.23585420573987,60.14165055140594,6.585957267135631,25.479502445439163,432.8548315636276,24.215364906600232,1.8339333995794216,46.32872572197653,1.73508763747344,74.02856483236242,0.9989306824011784,51.3384646545742,34.17990432140123,27,1,smote_smogn
1.6901408450704225,21.487325163868707,54.432320724887,6.817991936612196,25.648340652816632,398.2161252186299,19.615838588290607,1.7700943050952318,44.6859384467907,0.8990586358214344,77.38284675628879,1.0005713627147703,48.858849958556334,33.68424158210986,27,1,smote_smogn
2.535211267605634,22.868426290194108,52.94650684213386,6.763441494179003,27.45940946745983,363.0845736015583,21.11328578792198,1.600607444854154,42.88567926666992,0.9009679987096628,74.80580117021387,0.998046205009158,49.25696859996703,33.26258874969298,27,1,smote_smogn
3.380281690140845,23.60859641101797,51.17542228855301,6.716179939212032,29.203309311191177,319.29414437663894,16.198119270353477,1.4308727862428452,41.41215996564325,0.9009849853682488,72.76625259612192,1.0000425529565355,48.22063938321644,33.77672632883646,27,1,smote_smogn
4.225352112676056,22.88822570448614,55.909609091332165,6.584876024807233,31.933723687689,274.8038073542814,14.21,1.2780366739641114,39.7384357728159,0.8834372804776549,70.07959376636349,0.9961197471243416,51.14390886157452,34.85602584766261,27,1,smote_smogn
5.070422535211268,22.44229529516262,60.57139098368622,6.43486139402485,34.907,223.1535490242568,16.894133810374832,1.138548913375344,38.61314089964514,0.8454659165690331,67.88041011991376,0.997374544349088,54.93782475485886,36.2640158481921,27,1,smote_smogn
5.915492957746479,22.180096104817544,58.38380123800941,6.5594061352998585,32.61431404923913,364.1751420567061,14.21,1.271862715559328,40.511513348210734,0.8764828842347098,71.25802599574403,0.9990625154890646,54.56913080541221,36.13532699011993,27,1,smote_smogn
6.76056338028169,22.271677585671757,56.35876736419543,6.714379244443196,30.32190054399583,514.3259430339318,18.3248877932695,1.415385786700287,42.48265563013801,0.8651148450353121,73.6152424123174,0.9968662008931004,57.009545328250745,35.82133225938038,27,1,smote_smogn
7.605633802816901,21.62060814562598,52.75041042077166,6.61322220548127,32.21773577799816,481.69082235366,22.400487551315376,1.309319839089602,41.79601881864316,0.8441579150652343,73.06316513677174,0.998322969626622,50.74315062065566,34.21985236069052,27,1,smote_smogn
8.450704225352112,21.210917730887147,49.40275932918366,6.511285168110927,34.50241955557675,461.7271772883551,14.21,1.199081548962394,41.11544826800542,0.8526490148305728,72.40887157447382,0.999455644672114,44.77246304170842,32.311200499599835,27,1,smote_smogn
9.295774647887324,21.06233156263375,55.10749388322473,6.696878227290223,29.194839763978525,491.1310894163819,15.318309494284836,1.523257325111441,42.496669060898505,0.8572593970593176,74.419235902973,1.001335808118152,47.821487045568745,33.433981587718726,27,1,smote_smogn
10.140845070422536,21.453336357679856,60.87942107104636,6.892037461654324,23.715545337879707,520.2402216749732,14.21,1.82615263377276,43.24731378793925,0.845690418403013,75.95901867614437,1.0031522354176308,50.230825078780086,33.61218447855222,27,1,smote_smogn
10.985915492957746,21.30690179936085,55.13226662046153,6.801247212286388,23.63378960429926,412.32832853956376,29.22044460651663,1.8354872342488704,42.475482471009705,0.8139824685568866,74.68622302402366,0.9984598933094871,51.05911419020703,34.37588288392217,27,1,smote_smogn
11.830985915492958,21.540225010868408,49.9384061661284,6.710919585303006,23.211979129810416,309.282014357404,14.21,1.8580244207304637,41.63478317441914,0.79706,73.71138724324733,1.0044335335136023,51.94862017341091,34.72740896849047,27,1,smote_smogn
12.676056338028168,21.140452848706275,54.47805053856983,6.749649397333254,26.692321857141344,257.6033709688242,20.766938818414133,1.6210775411119054,41.15181529440795,0.8324643832547514,72.18060131068147,1.0031168820926093,47.35445401844326,33.01821661592454,27,1,smote_smogn
13.52112676056338,19.301607676720497,59.14810544429629,6.778563767565719,29.421690550880918,213.31811852987423,16.821981920676972,1.419657245723596,40.55724527558226,0.8669400776686318,71.56018749745472,1.0016739638744534,43.11493328364417,31.7896812453644,27,1,smote_smogn
14.366197183098592,33.14299043692518,56.942027637646525,6.648048550515111,29.693316127408757,273.84125825664086,68.91390376856145,1.2968813024983912,37.88533167479718,2.590440765797448,66.29437931659017,1.000510228603258,22.34276589907512,24.05467992193105,27,1,smote_smogn
15.211267605633802,46.89837764866213,54.705458370388726,6.53228366626616,29.898121033996425,360.0489394618926,124.58846535175869,1.1815348798116847,35.53532070986568,4.3,61.55846337140616,1.001059716915823,0.8948453907717112,16.65382627,27,1,smote_smogn
16.056338028169012,33.17120764751082,54.47218591868067,6.620699494297555,31.89182519098524,260.9187609142861,81.11354768679172,1.1765621589935549,36.89463657603846,2.5561262495294312,64.17906447990482,1.0039418866437646,24.46477888044101,24.957782351172156,27,1,smote_smogn
16.901408450704224,20.552955323307213,55.0832605148364,6.717461550204376,33.44258545415588,174.8108447235478,20.31364613632571,1.175079080416061,38.138531121852175,0.8360440735379048,66.9859142405885,1.0040631882759892,49.11807137021206,33.2884329321939,27,1,smote_smogn
17.746478873239436,40.13040357684286,58.862479715338765,7.0083125525375225,31.65857440362541,259.8840944511358,103.01988221265717,1.0360277044479842,32.44714032577631,1.861344793293778,56.73654080399557,1.0044330092058784,34.97078451025482,29.010627052654616,27,1,smote_smogn
18.591549295774648,60.1333725837401,62.60936344669444,7.290733275667737,30.08233402260463,339.73162988541355,169.84621077407667,0.8781533181156332,26.60503677919463,2.8927997541371746,45.77261270132166,1.000137235608182,21.663127610718387,24.025425418074025,27,1,smote_smogn
19.43661971830986,54.14430693499345,61.15948783100085,7.494719476947752,25.927040109778066,756.1509296180205,117.54187894673748,1.3550754774367912,33.448404731486086,3.1059922276237337,55.83131346431717,0.9400820079181348,43.22102210207776,33.98733471201138,27,1,smote_smogn
20.281690140845072,48.99975681593775,60.1157743261769,7.676388573259677,22.248402179945,1160.39,60.88858042580497,1.8127362529200663,40.47374693170749,3.2905402409124083,65.39693229738599,0.8809397808219158,63.838828404107495,44.66315731066168,27,1,smote_smogn
21.12676056338028,55.91102024427929,56.825331866266026,7.516960582194327,23.943266956844933,851.7132762407172,37.196745237784285,1.781550941190181,41.40787229252284,2.325497627478028,70.12217660665394,0.9323430295519096,58.16371167588179,39.8738772359879,27,1,smote_smogn
21.97183098591549,62.828,53.47158933768042,7.340888798212376,25.36198878494665,552.3493144990342,14.21,1.7386656109248078,42.91735724562519,1.3497217914168402,75.16762329967813,0.9912928618448412,51.51419363473933,34.57783968237793,27,1,smote_smogn
22.816901408450704,60.01818447870112,51.925597217946965,7.289125552412687,27.14729148057993,526.2393617883173,16.035400422222015,1.5682602971807111,41.63543142661525,1.366727207341487,72.72011152647167,0.989863306566797,49.077437631792456,34.04131464830166,27,1,smote_smogn
23.66197183098592,58.05403596839649,49.99176612658832,7.21734377801968,28.95132972616504,509.4300434804453,14.21,1.4040405712346258,39.95603223920087,1.4074204708993927,69.94138909542644,0.9902571973049288,47.36527601115068,33.48227828151093,27,1,smote_smogn
24.507042253521128,58.20756716579841,56.06923449334671,6.658215343887164,31.358617535776585,361.9760492214903,18.09470080564091,1.2832675244253695,38.72832896989337,1.179327317043542,68.01608690519338,0.976076392038632,47.87285348198243,34.592978370921855,27,1,smote_smogn
25.352112676056336,59.291339302314576,61.28768103690357,6.118728823548317,33.60990774555034,205.3017485642896,16.30478863384556,1.1550522817440176,37.96419086422952,0.9904770012835766,66.74344881183067,0.9580381846214484,49.12251201104405,35.22697958424861,27,1,smote_smogn
26.197183098591548,53.33544401427336,60.72725591284908,6.067635887489678,31.16620520591016,197.24210409965664,18.275067054287888,1.26101744529846,38.36082461314807,1.0270471383613702,67.04245989032144,0.9620656657666394,50.79247077274684,35.865102136880544,27,1,smote_smogn
27.04225352112676,48.15352591098301,59.5691999657447,6.020314103412351,28.86626980354869,192.73004173228531,27.256990718373487,1.3703109038182073,38.63311446268508,1.082893741522589,67.9098009378772,0.9761634155405378,50.82817799257573,35.753197554234355,27,1,smote_smogn
27.88732394366197,53.70620680370621,53.90875832525821,6.299111865655393,31.45582145941978,327.33204318499764,16.354223210849952,1.2912316856369603,39.94360464394716,1.1738569779109536,70.02637382373574,0.983085582603496,47.393807753598736,33.955251030676365,27,1,smote_smogn
28.732394366197184,58.12887643882216,48.19138823268188,6.599780836040632,34.44740939402297,460.63513171535055,19.296611812067084,1.2238298593512502,40.69201632713227,1.2804487110288485,71.89912462771797,0.9919765492488998,44.31481256408969,32.46365022302918,27,1,smote_smogn
29.577464788732392,57.03138385361182,53.95552174523802,6.489135389833096,28.776890046891427,518.0124841645775,26.858841194209816,1.5354075187502794,41.64882561943674,1.2661168418526974,73.58846247924177,0.984617550850884,48.87690514148053,34.13430860827076,27,1,smote_smogn
30.422535211267604,56.68985721040236,59.92566517123024,6.38691600506801,23.38825550892493,562.8587472021144,23.15807954522179,1.8357887252303395,42.44955368630912,1.2382444519004456,74.20004870723724,0.9817886640296388,53.40788784108031,36.03148644388008,27,1,smote_smogn
31.267605633802816,56.555740609417605,57.33388605359129,6.6244749522056,26.180995904623483,550.3686382459751,21.939250199360316,1.62050287201608,41.72563742133742,1.2267646998220936,73.40916392439405,0.982889318377968,52.43964345501308,36.33725978335853,27,1,smote_smogn
32.112676056338024,56.83819927885438,54.711681288141165,6.8708233621775605,29.695751657721814,530.940836438279,14.21,1.4112287221724984,40.93377041620533,1.267195799286199,72.29209804136148,0.976163658523608,52.76239554875885,36.249319580671845,27,1,smote_smogn
32.95774647887324,54.92394954640712,55.531318921784006,6.473931769832091,30.46201280566207,357.2634463769133,17.37657842317824,1.3042471955295387,38.37738344568477,1.1493742668309574,68.17744502292578,0.9579451349112088,51.802755210496585,36.35478651417788,27,1,smote_smogn
33.80281690140845,54.09733912547012,55.85825895265204,6.046486062158757,31.554407181478144,178.2180517499624,14.21,1.1851457319352292,36.51675777219737,1.022271257195129,63.84235064331944,0.9423799749506122,51.20284291087008,37.31968393279875,27,1,smote_smogn
34.647887323943664,54.60622639784028,53.053253247778144,6.70743195518836,26.14094295856303,280.7354947147162,18.822482445742164,1.5187914648210676,36.93320925108363,1.1075195202841122,65.6327192814306,0.9102940338795292,49.10165641917343,36.96758924921375,27,1,smote_smogn
35.49295774647887,56.69248680709868,50.2425632823186,7.374914441997263,20.89691545502243,375.4677718997032,16.63355651614743,1.8654460800344448,37.47508035847462,1.1938127622370167,66.88617953827577,0.8941210099516287,45.61171789105223,37.23562645915517,27,1,smote_smogn
36.33802816901408,54.28781652194315,45.93814565811476,7.306935651934014,25.256801216270613,362.0979645994592,90.06313158885015,1.3049823893416896,29.790220084877948,1.8844062265875527,52.63445144086414,0.9461583333551872,32.00097746465769,30.06455813936761,27,1,smote_smogn
37.183098591549296,51.94271048320011,41.52754763105413,7.243613035566787,30.120933437426864,347.4909892812827,170.42212252141178,0.7583541135910353,22.426821115174025,2.573802328597852,39.03826384293043,1.001879728885584,18.019663506700866,22.43263452860327,27,1,smote_smogn
38.0281690140845,50.4262054135126,45.96868295994737,7.030190789613329,26.24125411295749,522.0143886112494,83.75972280985151,1.1444698541681408,27.000285472981115,1.9903106092935123,48.57072657534634,0.8603788722953625,30.08549172847033,32.94820271123239,27,1,smote_smogn
38.87323943661972,48.26413857891232,50.5100487221321,6.796828194381426,22.08099608299993,717.1646644653563,25.135637701850968,1.5298115361314182,32.15811789465928,1.3909617948476944,57.793696377444384,0.7212526360207406,43.4236986781378,43.243842931521336,27,1,smote_smogn
39.71830985915493,40.62011298567982,55.27928384847246,7.38815530223769,21.5071463285981,848.632803936134,62.37750325880218,1.664440954719918,34.90747699880514,2.135816379099719,59.70517257093958,0.7742601023501033,61.406464582223705,47.37848784332066,27,1,smote_smogn
40.563380281690144,33.39476377217031,59.907510623670085,7.9834,20.85795183530217,988.3046775081566,98.29796240309372,1.803187587229264,37.27978165319095,2.9062111445937,61.98289323865993,0.8290947593800613,78.55450607455518,51.87842585251114,27,1,smote_smogn
41.40845070422535,42.855584262772766,53.95873450694063,7.5503585480180995,20.909995558228143,836.8473875346867,56.12272203566918,1.674390431113177,34.75148424545595,2.165630106252763,59.39006378698208,0.7757657734642878,60.661671968472,47.50427020890277,27,1,smote_smogn
42.25352112676056,52.16993501257307,48.338091799616855,7.104544875711036,21.19265066254714,682.4698913966355,17.853913093462953,1.5675087368689076,31.50526661393892,1.4128890071769624,56.78674107576522,0.7205096909922218,41.47660239699339,42.796223999510175,27,1,smote_smogn
43.098591549295776,50.40617454999381,52.151614532002974,6.684227140151353,25.148097233700305,495.75495986330014,25.08407076889709,1.3427795065742982,31.627470139339792,1.243120000481845,56.83707192654358,0.7798120583222622,42.60677132182686,40.40435135996636,27,1,smote_smogn
43.94366197183098,50.418890941979896,56.129679842484286,6.25612065220358,29.4943470314012,300.74455435372846,18.73307316365649,1.1254953442927325,31.483174322216584,1.102320571319106,57.03648427978768,0.8407488401474768,42.01641006671653,38.23972814874237,27,1,smote_smogn
44.7887323943662,53.16703261529714,55.72757399200047,6.457510804471175,23.740237608827325,478.6619538234221,19.421332036578114,1.547343905221187,33.35749829321259,1.2094288659911552,59.83329403280173,0.8115574508261171,44.58400259190946,40.40460599110412,27,1,smote_smogn
45.63380281690141,56.11408928850288,55.4359023664425,6.647024886407138,18.26805014567721,646.4917969814388,19.18004940267581,1.983356370821517,34.68636000845385,1.2629512533517342,62.51958952509647,0.7648679323252434,47.00716051997971,42.72989450969793,27,1,smote_smogn
46.478873239436616,52.14051376772202,50.77182954290943,6.615388407647208,23.044274426048837,621.8413130292727,27.47575544039564,1.6472879890392995,35.02560434809608,1.2330880278772662,61.75026403143693,0.7832086650261204,50.10168835354114,42.89178569168174,27,1,smote_smogn
47.32394366197183,47.2603865859615,45.72476968986262,6.5521678909822265,27.64785957250185,602.6569470849396,14.21,1.2878823237859691,34.99688383741354,1.2699956244088808,61.86467745125812,0.8049271058603247,53.59249248758544,43.75481784964754,27,1,smote_smogn
48.16901408450704,39.03604597469225,50.07469177918456,6.368664555053125,30.34842955605417,410.51484334989857,16.06956039341738,1.166287281486448,34.52629486669473,1.1425302695078206,61.20662944719403,0.8890871805483241,54.36143728903616,40.32410516946141,27,1,smote_smogn
49.014084507042256,30.24663367635596,54.20004011271415,6.186986670501566,33.11584539199818,222.7609340463528,24.355024580907628,1.0479933881730572,33.635959199039185,1.0319764055456937,60.06326398610172,0.9933087624429704,57.256114014139264,37.2189304688397,27,1,smote_smogn
49.85915492957746,42.65607591481979,52.03577223794488,6.624582840322455,24.65936675899085,486.8939132106881,18.53028708242228,1.5413849780883306,33.43835987385425,1.2122683745806873,59.55289588986466,0.8201556283397993,56.91776427053558,43.94684441553437,27,1,smote_smogn
50.70422535211267,55.146233159351375,49.72365788546494,7.051387871461266,16.61861032060073,737.9743127278307,25.44178688838337,2.0473966586500287,33.132517070393085,1.446732070372121,58.46980756999864,0.6498283169843881,57.34418097653607,50.517257625036514,27,1,smote_smogn
51.54929577464789,49.67466733547207,48.91293850119222,7.093389398071186,17.73764782372468,589.9309168354921,14.21,1.9315208068972745,33.214592122388424,1.3204677664423543,59.399467803753936,0.7336491772143905,58.85838350234581,47.764652172363526,27,1,smote_smogn
52.394366197183096,43.77420459752656,48.30099347710092,7.119635994798922,18.895244004646457,428.44293495429065,14.21,1.8394948779821936,33.13149845926701,1.1725635762582107,60.15978347246799,0.8128991129346308,60.21647298715232,45.59540417566655,27,1,smote_smogn
53.23943661971831,48.1317659649092,53.11370053338965,6.631726100892726,21.75132865897113,353.5368334059737,23.232476695520702,1.6113678283969517,32.392392702467575,1.1566578255845836,58.85534507137224,0.8226881948469639,56.41276576329069,43.85287591129055,27,1,smote_smogn
54.08450704225352,53.02178436230763,58.059052906084425,6.151138619578691,24.290782831046204,266.373641382244,14.21,1.3746661452569786,32.24731767637993,1.0745575228781616,58.13900461176397,0.8249977485719823,53.386259488247184,42.69198990563124,27,1,smote_smogn
54.92957746478873,39.445541080882855,51.89028788672756,6.510650312867308,20.93657712147966,375.2105060690788,17.749533639803836,1.5184924199980911,30.078762901199973,1.114095861981493,54.12293972176798,0.7087634628119924,60.22130212666494,49.41324860585802,27,1,smote_smogn
55.77464788732394,26.13039948126153,45.566944868835726,6.856433905023072,17.37993388682119,493.18563894739833,23.469404075369106,1.672894554686247,27.922085477011077,1.1625060865118944,50.59238531950832,0.6023405964657188,66.13720954414327,56.1449345548891,27,1,smote_smogn
56.61971830985915,27.66004387246852,46.804411978951165,6.905502320984749,15.41224556479293,469.7621858798117,15.64043410667334,1.9456218998933976,28.140386999283216,1.2326603314334934,50.58540572671392,0.5573197269050124,64.9539057348264,57.74723586833517,27,1,smote_smogn
57.46478873239437,28.55711271858133,48.03069068738751,6.959986859966135,13.143307296805656,452.9833859024746,17.867959499124332,2.216449872600029,28.06074450700218,1.3685689824008735,50.99032436330773,0.5212543829371384,63.69508751626065,59.13841431050553,27,1,smote_smogn
58.309859154929576,28.398209740912645,52.29613285758431,6.675194892291431,17.94272420186515,379.2856636592136,20.23847459238788,1.8326077103504077,29.396288952326824,1.2148553730722456,53.23601605808169,0.6395016554147791,66.71556807340308,54.917141816297054,27,1,smote_smogn
59.15492957746479,28.031088493814487,56.2804704990445,6.382614814477352,22.486231209453145,325.9144686198476,19.33777439557648,1.4674277149291106,30.824026035296185,1.05921428802896,56.3204781511255,0.7646911570194324,68.69081896372198,50.339181969865486,27,1,smote_smogn
60.0,29.618614108254903,55.75554141936074,6.369700310454947,24.563675291903166,359.33580042593496,26.686545151950632,1.321823133824368,30.14628062308755,1.1291898540429657,55.570467444461926,0.7634281558797376,67.20210872723675,50.00849899698831,27,1,smote_smogn
60.84507042253521,30.894957441142108,55.50412988288869,6.338444007032301,26.48914947835667,389.9918790228418,28.664855950473385,1.199978796958806,29.8472507917188,1.1351282255590782,54.02217636706562,0.7586264190987777,66.00208786988749,49.6366657620958,27,1,smote_smogn
61.69014084507042,30.14023152228948,50.37892944222875,6.541729119811614,25.19073081484072,412.4163408067632,14.93073859028944,1.2796428511460047,30.3051538631982,1.1331678063007156,55.08611353389999,0.721239828521626,67.30315258398112,51.70082551856653,27,1,smote_smogn
62.53521126760563,28.816834612652315,44.96365994403904,6.731737371874789,23.5439074422949,451.9580342261629,19.777419660923005,1.3853082306966082,30.92126614682614,1.1150959529844555,56.61613314120522,0.6837435468890085,68.51313734516778,54.02952454133227,27,1,smote_smogn
63.38028169014084,30.993303886348254,49.55515091092791,6.750396530259365,19.05225045928184,453.36913012950777,24.86716824327159,1.7697364115915732,31.034201906905604,1.2359723122589026,56.31354630098837,0.6517932498011465,69.10429079349572,55.12985180733538,27,1,smote_smogn
64.22535211267605,33.48581121014267,54.22225369490662,6.719813145461669,14.89968739138803,463.1526285289799,31.49820117809221,2.1677399032093554,31.189548069567625,1.353364905834328,56.22882246147662,0.6295785515974366,69.03184395021393,56.78481736775069,27,1,smote_smogn
65.07042253521126,32.815623696785416,51.568456267638254,6.825666069551509,16.91892968420415,469.7733598345557,26.06047047733734,1.917179363978499,30.20254366364772,1.3177046038486335,54.535385132008834,0.6129223170312377,70.30445948782364,57.4054423696605,27,1,smote_smogn
65.91549295774648,31.97224435174899,48.76561772400536,6.904264898741064,18.669707221920056,453.2193116403759,22.667410464538143,1.6272255330930254,28.78767965757605,1.2643964347149088,52.54262577738762,0.6189863882560419,72.03941009687797,57.72502464094321,27,1,smote_smogn
66.7605633802817,29.60485614969531,47.26930842292753,6.997554071710277,17.232795238021755,409.9053191707741,22.802117299085857,1.8248475931345107,30.05484191217476,1.2373124235473547,54.78031690369332,0.6600174248887151,65.90791449316241,53.954712595331294,27,1,smote_smogn
67.6056338028169,25.776406528020544,45.91265267594191,7.114401487997337,16.53617206208309,360.07327598359177,20.90252060933986,1.9794823065511984,31.0444779382682,1.258141128487298,56.29916021443537,0.7006018613532754,60.52642011169819,50.2127780044048,27,1,smote_smogn
68.45070422535211,25.82211234301719,49.26354990728314,6.712646127691113,23.924879369487677,331.70909488439605,14.21,1.5206339563472018,31.98818613110825,1.1797589841910183,57.17452752888563,0.8203865306903619,62.62817066534664,46.25826874978001,27,1,smote_smogn
69.29577464788733,24.598720284013133,52.85343428678341,6.322098766148961,31.36367447160942,303.6004639696402,17.090626091947467,1.065792453300857,32.44637106640664,1.0550090754910817,57.9419808890284,0.9387027991774402,64.75496471576811,41.973177007827175,27,1,smote_smogn
70.14084507042253,38.3790511100297,40.45720608247475,6.846163723450475,29.48026940377757,359.8438400325265,98.57542010399143,0.9088913474495828,26.774456189728657,2.1313247699009263,46.71266194672028,0.929140224464166,47.21377751016174,36.569473664153065,27,1,smote_smogn
70.98591549295774,50.31648723771839,27.81948950956605,7.3899366902966035,27.84880847216256,415.2901363421367,163.86498543106086,0.7574316318312846,20.77761511930843,3.2561503046194478,35.73989746559082,0.923495850998632,31.59960473984255,30.847473181884737,27,1,smote_smogn
71.83098591549296,36.019648711896814,43.122248772207655,7.255709977309588,23.925168161987106,666.7318733296485,126.13129842471795,1.2710831756753234,28.618089720619224,3.1997541251615846,47.3113100676712,0.8633658737683494,51.90422483675475,40.40425914307037,27,1,smote_smogn
72.67605633802816,20.622141066432604,58.69890681180143,7.130676721553164,20.239258272945463,925.7383256480869,84.48383528565942,1.78170649201912,36.03893794086046,3.2058353776610007,58.48172345547314,0.7945672023116214,72.6446803570816,50.52176433220261,27,1,smote_smogn
73.52112676056338,23.032845385099773,54.99551096144997,6.770260032587419,26.26548621827154,619.9278985341334,37.69347396108749,1.3846573492933956,33.478057174962004,2.136229260470796,57.04272729935887,0.8830336255545499,66.46408860283218,44.70172597065762,27,1,smote_smogn
74.36619718309859,25.67791404517939,51.84711132783364,6.430321138429848,32.706591332986314,334.7947495087288,15.23169801458248,0.9840125038711388,31.07069666997679,1.0650423149812491,55.58721991176448,0.9755100341125008,60.103992702841154,39.034278038502656,27,1,smote_smogn
75.21126760563381,25.607942256569835,49.30049442731964,6.76260444546137,21.864625703393312,289.3565480525544,26.27748120320464,1.6206787930463098,27.63828318936821,1.1694632748599447,50.24088286299501,0.7127766274720954,61.21470025335872,49.880763727372,27,1,smote_smogn
76.05633802816901,24.98275331565956,46.58791466218589,7.114764470699893,11.708515334427954,244.21969334789,31.2740349945672,2.2621185351912056,24.75230427052995,1.25121659834942,45.27315281592171,0.4474483183984113,61.0345728995212,60.98182341167511,27,1,smote_smogn
76.90140845070422,25.00756631824936,50.27052471799337,6.977467190424807,12.680032249745308,284.28766868225927,24.632647711042708,2.264739782872606,27.25199659391537,1.2435709792273504,49.27299165835396,0.5093840418707088,73.28655125521203,62.98682923595552,27,1,smote_smogn
77.74647887323944,25.417899808544195,53.12620122059303,6.835696450020149,13.728995259821078,317.8287940476528,23.05033150693592,2.230756350410632,29.73041578824233,1.2225708918101514,53.53962261166565,0.5775514702253066,85.84874491865595,64.75595108460146,27,1,smote_smogn
78.59154929577464,24.887916517152053,49.02070994591753,6.816632115084473,14.693949642674548,291.96278798588514,33.742308976524605,2.007926578469375,27.424223770414187,1.1618174581306882,49.94630404927761,0.5576594842228174,87.70503310995497,66.01623537123234,27,1,smote_smogn
79.43661971830986,25.332406458903105,45.01545418708278,6.78118612469048,15.648407827305524,280.4201982629665,42.02419135192567,1.7436289294890497,25.606533051104343,1.1149918730832635,46.33938077549883,0.5272064968900695,89.30381585944845,67.47312922211964,27,1,smote_smogn
80.28169014084507,26.087441244529952,49.78826310601283,6.656789622500934,18.96467527301553,282.9815702335532,31.7907335207023,1.537309172501986,27.8986678400043,1.1041848504059162,49.00796380719689,0.64162946404022,76.37080392024218,58.68792203137517,27,1,smote_smogn
81.12676056338029,24.70494080327356,54.35488518163746,6.516972046820853,22.08446954103636,290.2661741991722,14.21,1.3458846111440728,31.045164317981968,1.1073320565791265,51.1734871159145,0.7521117001123097,63.79843833309492,49.37617772701137,27,1,smote_smogn
81.97183098591549,24.45290323953902,54.37029849972375,6.500180792716949,22.87676696099645,307.8644752686757,23.799712822215085,1.3013829310327674,29.662709985230418,1.1667812792485777,51.131007652918754,0.7226404968201366,69.4504496913412,52.45876693855092,27,1,smote_smogn
82.8169014084507,23.122924362070712,54.084039082244686,6.482135081898457,23.91947884491001,330.5764534561687,17.317047768315323,1.2483432340071394,28.40971769304744,1.2561421259513763,50.96099530949947,0.6861487482227199,75.01950946678795,56.39187751898285,27,1,smote_smogn
83.66197183098592,23.430040826511306,51.31485198787628,6.692953163464796,20.393588988430977,406.8832968374022,21.808247979122868,1.4948546511876033,27.03582356090225,1.287822464431541,49.99614883787015,0.6149879054671601,82.45574701426332,61.47367710300435,27,1,smote_smogn
84.50704225352112,23.471230116077678,47.99681183511208,6.907342419277807,16.607954482816144,476.52896504634725,26.516991930656047,1.7505772088034854,26.248006563467037,1.3229812751760852,49.52826592015639,0.5344773010088258,88.44487169084681,66.9755433241469,27,1,smote_smogn
85.35211267605634,23.669126040633596,45.96498483163647,6.801053851806758,18.555837219766737,471.00700042023567,28.96336932229316,1.5944129382239276,27.76076792779221,1.2660485202118927,50.70260563832517,0.5744337519561061,86.11581554142134,64.44462697265058,27,1,smote_smogn
86.19718309859155,23.36192570820547,43.9096584226228,6.6939964413221045,20.541668008828925,459.24067032758927,26.35795316075772,1.468917096023958,28.475603606117826,1.1576440340405865,51.897005286287744,0.59144994340269,82.34956309876124,62.787201794838026,27,1,smote_smogn
87.04225352112675,24.948919682156514,44.32316902189663,6.835819412012441,17.731959978022196,367.9502410842733,18.04317691934517,1.7774805159316232,29.171284600874728,1.2572718303928188,53.22370652228685,0.6127040192390938,77.51743867253717,59.28937286394245,27,1,smote_smogn
87.88732394366197,25.20097628477966,44.70990473554117,7.001968877761457,14.986951935270229,279.8865326947219,15.66033108543534,2.1054140673392108,29.98499827812004,1.381528144573419,53.44677602714298,0.637399197123882,71.31362124116868,56.562074612707264,27,1,smote_smogn
88.73239436619718,24.469085482312387,49.6169426452031,6.72659874393777,18.6988196925717,300.85053649394075,19.580143102577804,1.652128382818496,29.9542370469443,1.2745399486870723,50.95633090532936,0.7082316503431306,69.86056727063216,53.64327988246626,27,1,smote_smogn
89.5774647887324,23.5096814853256,54.03348287592422,6.437419167738415,22.4941827624034,319.7523814188244,21.061439803384832,1.220605019558005,30.0237331969202,1.1592322815061489,47.4213081493896,0.7755092298663473,67.7391427611845,50.42149386227116,27,1,smote_smogn
90.4225352112676,23.1268308840159,49.39959933848145,6.676387895658979,18.574036347023164,334.2959523776404,23.51156442004176,1.6805254989362264,29.61169987646362,1.2692616366304066,49.97238190246877,0.6956351029498493,73.5334824391953,54.82539292383727,27,1,smote_smogn
91.26760563380282,23.360951171486743,44.82122129603072,6.923775915522142,14.384782086692548,346.28164455161726,14.21,2.132095339513677,29.38829664177232,1.3440698036099958,53.34780661209911,0.6255747976948295,78.19260761960469,59.704893431899045,27,1,smote_smogn
92.11267605633805,23.5512263770895,45.778634583749145,6.962445031637138,14.756629235237556,375.20846412040544,25.25759005209784,1.9573225089311863,27.476864149652524,1.2696038640611214,50.42788124200078,0.5627632938546057,84.46916497529828,64.23762313453993,27,1,smote_smogn
92.95774647887325,23.449999158974126,47.77370004992161,7.004859094300736,15.195114276334095,417.4762447816517,28.288418367725583,1.794864731434972,25.45939598655153,1.2989486128791714,46.9316952462434,0.4995329804547672,90.23898633820777,69.03759002543424,27,1,smote_smogn
93.80281690140843,24.448997962889056,45.97965410734648,6.896299200606339,14.902446838866249,302.0884005451242,35.80319907083363,1.8071413589547325,24.3044470391137,1.204736760955215,45.29949967350006,0.4950321907939553,92.67134255027644,70.63240544813621,27,1,smote_smogn
94.64788732394366,23.72517188546321,44.40710997418904,6.812647106853511,13.962853468101608,208.2495970407757,36.73407043208876,1.8421978455333503,23.06721364815194,1.1583784450494206,44.23344379893499,0.4752114712264455,95.4771858418734,71.82925324173985,27,1,smote_smogn
95.49295774647888,24.160757817434604,48.84204078230511,6.624710671263497,18.341648832049565,273.70932605888186,28.76885165912025,1.5518072129313851,24.727734789843545,1.2111152320025784,46.819010220587536,0.5681999358980332,84.89520135817301,64.69777699048586,27,1,smote_smogn
96.33802816901408,23.940822520434,53.461665606265576,6.397906558513204,22.50964009651157,350.47992108175526,15.654856441921378,1.2719717077338772,26.78021283587541,1.255987348293428,49.88220557989384,0.6532364013913784,75.11157335235809,57.19462598904973,27,1,smote_smogn
97.1830985915493,23.89161837942146,48.39404309574422,6.591774254545945,21.415771204452398,383.5114340659964,14.21,1.3644908968681055,27.99378689171625,1.1827060793413582,50.91802714159134,0.6255030244584763,79.39441751269518,60.78023515864248,27,1,smote_smogn
98.02816901408453,23.847727551472268,43.416476264188006,6.765240258537278,20.51361076322169,419.98723595928544,14.21,1.4493047181745184,28.71005121245011,1.1081484060234443,51.45993473832176,0.604077203175633,85.3418967517321,63.55592541594926,27,1,smote_smogn
98.87323943661973,23.679876155956688,48.06762627989944,6.833415585034043,16.823496412304603,356.15700877979134,25.12462920306411,1.8519675183652236,27.61958558323152,1.1606737614851492,50.47216325910719,0.5722569887680321,87.84058964996282,65.58163913579901,27,1,smote_smogn
99.71830985915491,23.554960826773883,52.94585538413871,6.916851337506307,12.741930686385842,293.0299751542794,26.523031655991623,2.265555970888851,26.800716105109693,1.1628050814314312,49.74453201276967,0.5311023085902349,88.91936420122396,67.66134183656126,27,1,smote_smogn
100.56338028169014,24.710963724503447,38.65947147546798,7.332426653218745,23.50271411348445,218.3538609219298,93.35900320826414,1.4283497199017212,23.52162000521471,2.0994628876708497,42.43744550986909,0.8325396626054814,79.69253614285338,51.21126718381078,27,1,smote_smogn
101.40845070422534,26.441013544022816,24.601,7.763783454409889,34.249015534388114,149.92582730618935,172.5830519698396,0.606299213,20.681618028358468,3.0355257456647253,35.45604842957934,1.132575914084484,71.28107902112646,35.4106402540165,27,1,smote_smogn
102.25352112676056,21.405382735955115,41.44276736315869,7.43290854888975,26.84152974302421,488.05964197579385,115.55622173975202,1.212196234401618,28.387143479721917,3.138619735101852,46.09235918863366,0.96531912363812,72.78366556466081,43.71830983667076,27,1,smote_smogn
103.09859154929578,17.29586664394039,58.43283595944278,7.138843683569683,19.819446481263576,833.7300350319522,83.14769283643913,1.8319023760519344,35.9614522874187,3.212866032007658,57.10935705044552,0.7755035049562303,76.56409409943473,53.67865918558741,27,1,smote_smogn
103.94366197183098,20.937679415378376,51.63752016222284,7.092087603846003,15.040701399031606,513.7364457084768,67.06529069884999,2.087319030152899,29.143491476487604,2.2183880857940026,49.79593346069883,0.5995986392684118,71.6455746598645,58.640135586521296,27,1,smote_smogn
104.7887323943662,24.83008538695208,45.24183899301578,7.045900862306527,10.73477388268017,190.49332065579452,30.100217075703743,2.32766,22.20986175098895,1.21751635921302,42.26018827170766,0.414695383,67.05668809241097,64.72784027355338,27,1,smote_smogn
105.6338028169014,24.580382415453546,47.88457685364849,6.724544131965677,21.63801178676196,258.14040213021127,28.423126180687984,1.6406865631959398,26.120627545904945,1.1400885873476354,48.32640401899962,0.6992563236783954,67.16343570434476,52.49618272302467,27,1,smote_smogn
106.47887323943662,24.267753619544223,50.55777102680108,6.390198443942103,32.39364263340184,342.30995536143536,14.21,0.9813447946507788,30.42027260221266,1.0424788151095363,54.58747472365129,0.9712760004484656,66.58432688636135,41.39908191338067,27,1,smote_smogn
107.32394366197182,19.80601398223424,54.246753712995066,6.505054869262421,25.73133465444899,592.0285582416674,26.77765213024082,1.3838180208910291,32.31714137527356,2.063703008099367,54.90073143999732,0.8590149657048003,70.41812209308736,47.34061157381677,27,1,smote_smogn
108.16901408450704,14.4019766347051,57.92517928721978,6.625742122759658,18.82702090238969,836.026929040779,62.782757240710886,1.8265117800654107,34.63231873536901,3.06311908183127,55.57040302855908,0.7516514036345145,72.97873960946797,52.58324726788575,27,1,smote_smogn
109.01408450704226,14.053869218860251,57.59698778390913,6.684771922411215,19.005729197506223,831.2793125888035,75.70666165083377,1.813713946864752,34.52089152718965,2.965343360171168,55.85541185039533,0.7440702118730036,72.23194221177175,52.1311927743792,27,1,smote_smogn
109.85915492957746,13.684188485263029,57.24266288994332,6.748667337254187,18.70271924144125,829.3077573484719,83.24492568849902,1.8136192445772756,34.01066840134372,2.929890393098461,55.44507239504415,0.7413085567486968,69.98035222425617,52.13751546091496,27,1,smote_smogn
110.70422535211269,18.65154016868056,41.475225711751285,7.274823887312706,19.47628080253041,433.8122258412489,156.25204731409715,1.389364343452592,26.93176114849507,2.945983706854808,44.93002443731455,0.715593531378502,79.27741837294963,55.75143918200477,27,1,smote_smogn
111.54929577464787,25.4350946872458,26.090510481463557,7.781282689562119,20.80976056724826,38.44751925326045,232.2270836739166,0.9694522495362322,20.122315682463583,3.0185215089490818,34.87390975740048,0.6942844356066327,88.07687408622787,60.44092172314026,27,1,smote_smogn
112.3943661971831,18.86099887294449,41.79778796915026,7.150085872455413,19.7680402983199,438.78181154009536,150.06770356677234,1.3986261869420051,27.13460033841227,2.956935574531642,44.97771104162599,0.7185447112443305,78.37476709136871,55.88071162447046,27,1,smote_smogn
113.2394366197183,13.177759329497182,57.75869573628045,6.520545850597469,18.72239168391928,844.4208984946843,79.22258746068655,1.823638483126545,34.44371249875102,2.8951818711144948,54.32478830575205,0.7446135872420524,67.4541572822489,50.88906014781931,27,1,smote_smogn
114.08450704225352,21.52444606075701,46.34878486156627,6.997134400351535,22.705020748438155,444.4537080043536,346.30297837145633,1.2711329730634036,26.802851693232025,3.1027717133928814,43.89256113674488,0.8068732654299454,74.89494848046544,50.78995192518385,27,1,smote_smogn
114.92957746478874,29.46320220666317,34.881680941921054,7.460839012334381,26.136494821877484,58.42465215785644,595.7094816317665,0.7306567878076333,19.52410155865683,3.2904706562229578,33.79123123431896,0.8775907073176664,82.3626157700643,50.957439767139405,27,1,smote_smogn
115.77464788732394,25.65516245776462,36.32258701238072,7.64366380196604,24.75032613126444,50.14275693146213,784.5811659179926,0.7253045156542338,18.32045788227573,3.145422457917271,31.441737630806347,0.8268977338190616,98.13560704771862,58.40105130743724,27,1,smote_smogn
116.61971830985917,22.118438335282303,37.66555095149223,7.796729302086857,23.39848183620589,38.24458181755361,980.7139050345818,0.7255693567790151,17.009682015371713,2.933967881985206,29.51961386942924,0.7749124441449232,114.02684033300068,65.2560918322892,27,1,smote_smogn
117.46478873239435,19.092314223083257,38.0098821905475,7.566295925434602,22.26375910167924,54.75253055829516,1285.909366227395,0.7028406527618365,15.929655688767124,2.7463260050577456,27.56531067680909,0.7462725218193424,105.84882171878571,64.30728089543595,27,1,smote_smogn
118.30985915492955,16.789180633661484,38.37677394476813,7.343204002160702,21.28306846676244,50.19576122658802,1564.660144895587,0.6751932318359285,14.574237914166693,2.539947778361097,25.224389136111427,0.7148216667785856,97.68891649033014,63.50896672360085,27,1,smote_smogn
119.15492957746478,13.77582717779533,41.59671115932407,7.098913956516767,19.742645120448135,29.57112729492695,1648.6718534274862,0.6794591369158152,13.286228834402708,2.360579077375472,23.08368486625697,0.6592280900590044,118.09564555498704,72.315553189375,27,1,smote_smogn
120.0,10.441297133184198,45.26704292263415,6.860182326290734,17.695810232100527,6.980398634667598,1720.5121073223977,0.6896560653835403,11.934,2.207391865979078,20.742201754376172,0.5951160395921842,138.612,82.38474227024753,27,1,smote_smogn
36.05258555198519,51.691444140653374,54.42112986153335,6.45251441673162,30.43890349695414,368.09781655055696,17.11065643872327,1.2761782834853124,37.59385246606678,1.1479818075776556,66.75918370673924,0.943935501185622,52.3233370237705,36.35478651417788,27,1,smote_smogn
0.0,20.59,55.3021,6.85301,25.2447,448.82,13.082,2.20347,55.611,0.90011,95.89911902,1.0,51.79,34.7085842,28,0,original
3.0,58.004,55.468,7.50988,30.9074,649.76,13.1,1.65047,51.099,1.41745,87.94423369,1.22431243,41.167,21.57631478,28,0,original
6.0,58.105,45.4325,7.17724,20.0214,644.08,12.072,1.95389,38.714,1.42347,67.44221324,0.793093204,27.557,34.8230563,28,0,original
9.0,45.395,44.8104,7.10613,14.8685,443.13,21.306,2.31763,34.344,1.33515,59.40849117,0.588975112,63.214,55.93665954,28,0,original
12.0,26.217,44.4372,7.0562,13.1434,240.28,36.336,2.52858,33.095,1.25814,57.29565455,0.520639976,93.751,69.56293381,28,0,original
15.0,25.324,44.3128,7.00392,12.3643,191.0,37.304,2.64715,32.411,1.20754,56.42679023,0.489778052,96.776,71.92096372,28,0,original
0.0,20.59,55.11178401258859,6.854044259007895,25.40738382247057,445.73642442462295,13.136148828194436,2.1934768796962425,55.611,0.900154458890197,95.79415531529362,0.997711573819382,51.9180999699542,34.57566153333644,28,1,smote_smogn
1.5,39.11424403540967,55.45444403564324,7.182803446741043,27.995042092170767,539.1811513423057,13.197871167957828,1.91554968961234,52.946328534874496,1.1548286212620034,91.752166330906,1.1085578236796203,45.49608252440022,28.092529377435465,28,1,smote_smogn
3.0,58.105,55.468,7.509238143479589,30.9074,648.3954433822211,13.096743887986252,1.653339633456437,51.29401628167809,1.4177369333827226,87.79933944805411,1.218444374917127,41.76138225301784,22.044629805528213,28,1,smote_smogn
4.5,57.78235186011374,50.43264159336426,7.340619241556078,25.49641815521605,649.76,12.64391009314933,1.7962491378564949,44.612839422099526,1.4204060177671862,77.7052911396966,1.0091617402276294,34.74643354745101,28.560527743914527,28,1,smote_smogn
6.0,57.97806028352209,45.446573803904464,7.180524833395166,19.97704754900299,648.3651449214641,12.081893178714518,1.9530076057403567,38.63099076260135,1.4232924424370932,67.50180902746534,0.7911009302303523,27.557,34.55473463583327,28,1,smote_smogn
7.5,51.45115240426624,45.09135193843144,7.137612063662795,17.197017421057037,540.2597190630986,16.787158981015654,2.145867969887896,36.76731270246539,1.3854611731069666,63.55128158225181,0.6864758534787864,44.83171932921966,45.28932402120261,28,1,smote_smogn
9.0,45.57889715122214,44.85948174822384,7.104488765734114,14.914567601806135,441.39467072742633,20.894910625929143,2.320025842646403,33.96104875531544,1.3390937775428489,59.91825405062954,0.5897533769790054,62.71931738804523,56.33991001804201,28,1,smote_smogn
10.5,35.705279631980204,44.72136810717768,7.081224387735547,14.066308567594753,339.9482814587857,28.722530817566472,2.419847438788546,33.70461750269895,1.302032885700112,57.90659772258874,0.5518543416052705,77.79192681802996,62.58584042931012,28,1,smote_smogn
12.0,25.59785678699155,44.32471872170616,7.057817438480594,13.284817240227964,244.995334884156,36.09297058027509,2.521075639764141,33.04789193384734,1.259154659229517,56.94349882600639,0.526598605614146,92.91996107725925,69.62529452210498,28,1,smote_smogn
13.5,26.22686213058903,44.3128,7.029086912672538,12.71027307476004,223.1403092767627,36.96172229493812,2.5906426448132422,32.74806903844402,1.238104574681158,56.42679023,0.5043659774966832,94.55702756439844,70.52043757500049,28,1,smote_smogn
15.0,25.607089702719914,44.32239907603178,7.006430730740364,12.3643,191.30275928428225,37.142662648685615,2.646325574742032,32.47207053117685,1.2050158401444733,56.42679023,0.489778052,95.47947934571044,71.92096372,28,1,smote_smogn
0.0,20.59,55.5095,6.8648,25.0675,418.48,12.131,2.24251,55.611,0.89822,96.91314189,1.0,50.937,34.4078361,29,0,original
3.0,60.119,56.1315,7.63003,31.0846,683.89,12.054,1.62917,50.46,1.47217,87.30697658,1.240035903,38.394,19.94063586,29,0,original
6.0,59.971,46.096,7.34216,17.7165,704.74,13.402,2.00715,35.807,1.49139,61.30487621,0.70675177,26.064,37.90980541,29,0,original
9.0,43.032,45.1836,7.0378,14.455,490.52,24.062,2.28563,32.855,1.34834,56.95885956,0.576643064,66.839,57.73081237,29,0,original
12.0,28.208,44.9348,6.99023,12.6117,244.08,37.381,2.4753,31.179,1.20719,53.8193855,0.503109604,95.883,71.04822457,29,0,original
15.0,24.826,44.6031,6.93325,12.0687,179.62,39.204,2.57254,30.709,1.17358,53.52539607,0.48144809,102.748,74.37513849,29,0,original
0.0,20.711607077513904,55.5451800239196,6.8648,24.99729895761731,418.6196153908844,12.149692802019528,2.231397337637356,55.611,0.8986492869434155,96.91314189,0.995959990671324,50.53687783036099,34.87672159746035,29,1,smote_smogn
1.5,40.29205170031442,55.89444402820879,7.248902819159081,28.11301582568616,548.4385713538155,12.054,1.936326895815148,53.13446215792689,1.1810567860672136,92.5069320393202,1.1154107146810388,45.07325230610763,26.91416592692088,29,1,smote_smogn
3.0,60.119,56.09126540034826,7.63003,31.0846,680.0206354124273,12.057682974046095,1.631030349624828,50.76502737704999,1.4717958099652506,87.04495510783259,1.240035903,39.78929534804558,19.94063586,29,1,smote_smogn
4.5,59.59434029351842,51.07788799340571,7.479724912467018,24.62995033786336,696.1184020181353,12.325213129381012,1.8162393762182896,43.48705001825967,1.475070121263427,74.20636421319001,0.9671201281717754,31.16324206603947,29.28884911797685,29,1,smote_smogn
6.0,59.332070574945256,46.1726267281407,7.346225289301218,17.90592480816961,704.74,13.132853790998626,2.0067940932065955,35.78320445828205,1.49139,61.59507643918732,0.7053406601972716,26.064,37.51451253546605,29,1,smote_smogn
7.5,51.2909036202429,45.51253782224015,7.189454099431615,15.957141664018163,596.9238858230792,18.4376416470602,2.147502451009635,34.152287788323704,1.4240708401114368,58.67428161169228,0.6368860469588351,46.67383971598899,47.84674409000155,29,1,smote_smogn
9.0,43.23671495686942,44.98084152406084,7.052283802904122,14.60556070792752,495.6678327175901,23.832173084801656,2.29009943951396,32.80517235268304,1.3470189284961347,56.324552293960046,0.5689089934623024,66.50674198517021,57.03002662300443,29,1,smote_smogn
10.5,35.315749261123834,45.01819975498851,7.003747594905288,13.585477040022267,366.3197405654772,30.6005107158106,2.3712590955403625,32.587867323438324,1.2773000452738206,55.46196583598481,0.5445008584039513,81.81914059202691,63.9711953453204,29,1,smote_smogn
12.0,27.925324769008647,45.02288545349532,6.996686466542478,12.524493688462394,242.9403581154311,37.27375762156849,2.4738718535167865,30.8896934631099,1.2066277491286754,53.97914230473701,0.5003470152618598,95.4155778202982,71.19515850984764,29,1,smote_smogn
13.5,26.79104500052436,44.79313276713362,6.959881230109952,12.311969239306762,214.336077250204,38.438932752648746,2.5327369245417315,30.85725740036064,1.1910074766451395,53.52539607,0.4932803036853989,99.3984688450831,72.33074676371041,29,1,smote_smogn
15.0,24.95928717340355,44.684222653110126,6.9256238394798055,12.0687,179.62,39.204,2.57254,30.709,1.1734486662552577,53.52539607,0.48144809,102.46645068748155,74.1657438357134,29,1,smote_smogn
0.0,20.59,55.0948,6.83415,24.9492,433.65,13.081,2.25675,55.611,0.89633,97.06828064,1.0,51.364,34.55838644,30,0,original
3.0,60.118,54.1825,7.3379,30.8483,752.13,14.145,1.7287,53.226,1.33254,91.93653451,1.236444455,44.792,22.34671487,30,0,original
6.0,60.22,44.3543,7.06651,22.1493,628.91,12.833,1.85436,40.913,1.43855,70.80946573,0.887775961,33.315,32.89098671,30,0,original
9.0,33.206,43.2346,6.9789,16.5234,422.27,20.071,2.23942,36.897,1.36156,63.79288311,0.662281757,63.213,52.86862983,30,0,original
12.0,25.098,42.8199,7.01144,13.6753,280.09,32.156,2.47173,33.803,1.26568,58.27404334,0.548125792,93.324,68.2621793,30,0,original
15.0,23.831,42.032,7.06048,13.0143,230.81,35.119,2.4873,32.34,1.21321,55.8066875,0.521631956,96.99,70.6634188,30,0,original
0.0,20.7184763481302,55.0948,6.83415,25.036489548722983,435.5105970492882,13.026942475479624,2.257437451650602,55.611,0.89633,96.72025954960456,1.005916980532168,51.97545281724392,34.439176329027724,30,1,smote_smogn
1.5,40.49291116907676,54.67939863884646,7.087258708083459,27.948729745415537,591.205215447734,13.51942213649205,2.001035348293231,54.30263170411894,1.1173850740315865,94.12548308446968,1.1111546451373304,48.91916614487989,28.60873183026468,30,1,smote_smogn
3.0,60.22,54.07351999768375,7.3379,30.749220470762012,745.7648329776019,14.398875662245567,1.7369691402465006,52.94974049507365,1.3329042093753531,91.86090101845932,1.2340622579403948,44.979096325965074,22.34671487,30,1,smote_smogn
4.5,60.22,49.19302732883421,7.204428617169703,26.277790455084283,690.2556609036915,13.389478138834487,1.7868853898391654,46.86682243764514,1.3868400629527893,81.9446588254734,1.0620974727981678,39.69631143540399,27.3328644232986,30,1,smote_smogn
6.0,60.19416354381799,44.54227871479184,7.068111230911073,22.11312907995084,633.2686314044938,12.869719994574352,1.860943919833098,41.186501156714826,1.43855,71.57599138735681,0.8898126397512839,33.32324283873664,32.42462658360423,30,1,smote_smogn
7.5,46.6889511198162,43.72112239811099,7.023393692378174,19.28040585012649,524.4328788222912,16.353721292907277,2.049649686025361,38.82803343829757,1.3955575648095375,67.44850631144465,0.7750110034186468,47.60347031887912,43.67228736373095,30,1,smote_smogn
9.0,33.27550153144035,43.29320047479506,6.980491749188551,16.485046870110907,425.1506580260233,20.230434340264377,2.240749182058303,37.13141573915641,1.3604985898379958,63.72104570058676,0.6631489708928827,63.65068465542281,52.89443845333903,30,1,smote_smogn
10.5,29.401244000199107,42.92562951473104,6.996881445005156,15.20475454553326,348.8788410861613,26.3372505574882,2.3543101812148506,35.35107538099795,1.313706451496796,61.080605087531175,0.6054040999863964,78.60528369260527,60.99209495448586,30,1,smote_smogn
12.0,25.691277841727796,42.951901361518736,7.010468756191752,13.864072536683963,282.4703051443898,32.03962371867809,2.463655516019471,33.635469866174525,1.2666699497783938,58.37504779072933,0.5405925156250897,93.32428546320035,67.87485541425876,30,1,smote_smogn
13.5,24.62407753980331,42.378653139211,7.034802429355516,13.481918949087705,254.60781778687377,33.73175980390285,2.4810567028525834,33.41548868507999,1.235749448687211,57.48261207082829,0.5377279016117734,95.12863646173598,69.3986372935924,30,1,smote_smogn
15.0,23.94496288703395,42.04050818716844,7.064272748489944,13.0143,236.07665226590805,35.119,2.4873,32.566500877546524,1.215923699671672,55.8066875,0.5256508930682525,96.99,70.6634188,30,1,smote_smogn
0.0,17.09,61.869,7.0327,8.844,5554.0949,5645.0226,3.6189,32.0055516,7.1621,68.778,1.0,4.044,17.8744475,31,0,original
5.0,23.115,65.064,8.3647,9.9212,4831.2346,4253.8922,3.3257,32.99493484,7.8346,63.258,1.12180009,2.258,12.14775356,31,0,original
10.0,21.325,62.69,9.1681,13.7941,983.3837,3767.0438,2.3436,32.32785276,6.5604,59.729,1.5597128,26.201,2.264085693,31,0,original
15.0,22.797,64.158,8.9329,12.8847,816.2677,3719.3672,2.4524,31.59843828,6.8025,60.633,1.456886024,7.575,2.02e-10,31,0,original
20.0,18.094,62.285,8.4699,11.3285,1325.3161,619.0285,2.6951,30.53144035,3.766,57.738,1.280924921,23.563,13.00047732,31,0,original
25.0,19.449,61.693,8.7358,10.9273,4567.5219,646.7103,2.8421,31.05647933,3.9877,57.919,1.235560832,86.331,37.02938389,31,0,original
0.0,17.133438579516998,61.85603894355752,7.037798223736974,8.844,5506.35128662088,5635.609896751044,3.613273337912799,31.99987192763104,7.189445587953423,68.752840280619,1.0004797811679602,3.8604621815831184,17.780490565302824,31,1,smote_smogn
2.5,20.119695629852693,63.44172500318833,7.716510986302247,9.415929288313531,5228.595263788663,4890.358429960457,3.456869910909808,32.49660916347747,7.485451704409539,66.03014257624405,1.0587195129899984,3.332700255825031,15.06557546690922,31,1,smote_smogn
5.0,23.10283556716106,65.064,8.362924386920005,9.955694560565988,4802.659867129371,4220.1570470818015,3.3255764272296178,32.979889286411165,7.8346,63.253285929258695,1.119676279402006,2.258,12.23909095765112,31,1,smote_smogn
7.5,22.23960172208089,63.884409480356666,8.767955634496335,11.891306335300076,2935.9548940215523,3995.688006126223,2.823878102833162,32.674653254168064,7.13022053913374,61.58577395093256,1.3436716793833878,13.905712070390702,7.162393453619322,31,1,smote_smogn
10.0,21.31129503799225,62.66967033405697,9.1681,13.7941,941.4576127400796,3814.0259894582728,2.3436,32.30055961535365,6.521517846362617,59.75781050650991,1.5597128,26.08502228075511,2.408291828510265,31,1,smote_smogn
12.5,22.07668995741629,63.398506204580514,9.036305161802812,13.317592183543807,937.451264315265,3774.149835938789,2.4157282790553047,31.97836468822465,6.719502236695631,60.212058283886456,1.5109980876322666,16.49317833640792,1.1087538087656472,31,1,smote_smogn
15.0,22.85016604479538,64.15418546239958,8.94713827462181,12.890526898747458,828.0080954753649,3775.1289136254095,2.448132140758163,31.57643912605103,6.795914533153812,60.71206931485628,1.459616162123268,7.96683250128912,0.0029086543575496,31,1,smote_smogn
17.5,20.366418671001018,63.19700139479332,8.714199457757472,12.135290500823537,1042.28834091557,2225.981965108253,2.575382033067517,31.080025565611205,5.229421082770148,59.15911756787681,1.370864620612935,14.90696775824929,6.553851696482093,31,1,smote_smogn
20.0,18.12435287684013,62.26340304863571,8.480111253779725,11.359691073647207,1350.536453708767,619.0285,2.7026969077161005,30.53144035,3.766,57.738,1.2813777490020075,23.611732597068475,13.197967885198665,31,1,smote_smogn
22.5,18.712905318529447,61.99135244481124,8.61828965517076,11.114816545803212,2924.8828847765226,626.3969570832152,2.770948591926065,30.77465364914756,3.849662433807125,57.91040682154656,1.2576390505909985,55.01207596695114,24.870973772574747,31,1,smote_smogn
25.0,19.4957647190052,61.693,8.739153580748356,10.936902969728582,4594.865313159808,632.5873747390293,2.8445507575582707,31.0655582604982,3.9828136092148982,57.92821842533639,1.239727933233571,85.44169937368267,36.92567001161798,31,1,smote_smogn
0.0,9.515,59.253,6.5316,8.7748,5478.7092,5771.8329,3.8295,33.6030966,8.0022,67.692,1.0,2.642,17.38013468,32,0,original
5.0,22.182,63.449,6.1414,8.512,5477.7609,3529.5202,4.0721,34.6617152,7.0969,70.86,0.970050599,1.79,18.33303744,32,0,original
10.0,21.558,55.396,8.339,8.8041,5304.0359,4048.8634,3.8651,34.02872691,6.8062,68.416,1.003339107,5.617,18.2893187,32,0,original
15.0,23.612,59.202,8.9602,10.4128,4385.5333,3641.0139,3.0935,32.2119968,6.5361,69.231,1.186670921,40.786,23.01717436,32,0,original
20.0,19.957,59.167,8.4152,10.4043,4574.4518,560.2669,3.3745,35.10931035,3.6635,60.0,1.185702238,6.721,11.04717891,32,0,original
25.0,18.284,61.136,8.8178,9.5412,6871.8708,1380.5863,3.4832,33.23390784,4.2131,60.814,1.087341022,161.175,69.62023208,32,0,original
0.0,9.570949876743576,59.24543131422533,6.515779376163141,8.776535312005272,5465.374129614133,5760.399383186383,3.8308508722481656,33.58862651258624,8.0022,67.6321047719835,1.0000185527669454,2.241790488107576,17.501734456871745,32,1,smote_smogn
2.5,15.846938455732586,61.350803603832766,6.33636877210722,8.604408839712342,5485.869987931418,4659.924256018637,3.954907510045556,34.114584630735195,7.545589560485732,69.30665719831042,0.9848504231553268,1.79,17.774092102364385,32,1,smote_smogn
5.0,22.253414977173065,63.41044842870931,6.1414,8.513035764427482,5467.810056873611,3547.0400828670404,4.071800668556398,34.662341174892006,7.0927137048043685,70.86,0.9709606208000846,1.79,18.35235647059868,32,1,smote_smogn
7.5,21.803851526777947,59.49659536293144,7.264879266937473,8.661044296386162,5386.64259555039,3836.218237848168,3.975301932970925,34.34696145611425,6.957621136127675,69.60004030604992,0.9869941406657292,2.68256827662704,18.06229014035056,32,1,smote_smogn
10.0,21.591412529552187,55.396,8.328447113112663,8.817428211557292,5297.78790815507,3998.0282284412897,3.863598106546324,34.032141280757806,6.820410389798756,68.50939923611872,1.005556880813537,3.868621712409789,18.441352319478344,32,1,smote_smogn
12.5,22.62710633041418,57.28818971826461,8.640163009505919,9.60790325908309,4847.979490079478,3853.1760575145736,3.482213771061521,33.11984419536688,6.691888741351391,68.93766659817538,1.0938496888064086,24.229963119984266,20.39272440787872,32,1,smote_smogn
15.0,23.493566256768798,59.17437264862039,8.91960919689494,10.401314800913411,4385.5333,3646.8109227198606,3.0935,32.2119968,6.594185558661883,69.08875668345269,1.186670921,39.00932501425133,23.04208018807839,32,1,smote_smogn
17.5,21.78423640352557,59.15653233209542,8.67713182481835,10.407073774611051,4480.424979956743,2098.5529143717954,3.2481867457352744,33.642305232836925,5.125101148579083,64.5033213905245,1.186670921,25.507036306879552,17.178254936829358,32,1,smote_smogn
20.0,19.801654317989207,59.1626332557627,8.450288173919601,10.399206746468892,4589.0030221541365,571.381102110559,3.3730602189268954,35.101877393082326,3.6635,60.08614232872199,1.1859810756679017,6.223812772456837,11.506081840382668,32,1,smote_smogn
22.5,19.233750819934684,60.17967055938507,8.62925448800842,9.980542474993,5724.451137798887,963.2492652524828,3.425761487786791,34.174068724651704,3.906552452507204,60.47528869166494,1.137663244455564,83.68578319475648,40.58853082344019,32,1,smote_smogn
25.0,18.182480049495798,61.14241625883436,8.840930339415698,9.53975695947742,6862.881938898287,1349.3545005102603,3.481518724179886,33.22569139564132,4.205055284946504,60.85346228001514,1.088457982187871,159.74793714017244,69.62023208,32,1,smote_smogn
0.0,13.478,57.75,5.6478,10.7384,5554.4655,5482.9643,3.5328,37.93661952,8.658,74.751,1.0,8.255,19.35914883,33,0,original
5.0,16.589,57.77,5.3396,11.6307,1001.1099,5602.3963,3.1727,36.90072189,9.105,70.769,1.083094316,20.97,20.36490045,33,0,original
10.0,15.149,50.273,5.3139,12.3157,850.3643,6048.2334,3.0613,37.70205241,10.8021,70.95,1.14688408,28.07,20.19877404,33,0,original
15.0,18.718,61.875,5.2518,11.8911,866.1584,3798.9982,2.95,35.078745,9.9582,73.032,1.107343738,33.77,23.86311457,33,0,original
20.0,18.56,58.499,7.0667,11.1206,3616.5497,6017.5597,3.5564,39.54930184,7.5774,61.991,1.035591895,25.434,23.92664661,33,0,original
25.0,25.275,58.853,8.5991,10.2804,5165.4949,357.9801,3.6364,37.38364656,6.7335,63.348,0.957349326,54.054,37.29162919,33,0,original
0.0,13.478,57.77160308498943,5.66689656058686,10.724475078169256,5528.996809674605,5447.6926134365685,3.5252070453736057,37.91703285755294,8.67651650595997,74.69331470929781,0.9991795492408776,8.255,19.36070639114798,33,1,smote_smogn
2.5,15.080302880056433,57.79889686002928,5.491960127711607,11.21107269491951,3256.5155185996787,5584.427253516755,3.3532275537172302,37.41790151133941,8.903091550655713,72.70152791951276,1.0413498617118828,14.192743325313614,19.96037026287746,33,1,smote_smogn
5.0,16.71091460079552,57.74642950504951,5.335357177966409,11.621415792176355,995.8453369434664,5604.171271340259,3.180003000662609,36.88681793738562,9.100796173376352,70.8290630284287,1.0817336377286222,20.98638085733192,20.34507437391833,33,1,smote_smogn
7.5,15.88837446711048,54.02061050274637,5.294584639709333,11.958498314805524,885.6598799837726,5805.733642766883,3.1168216007927425,37.3035465180616,9.95912607453468,70.80799759392255,1.1129594518942816,24.283388060961517,20.2735399284956,33,1,smote_smogn
10.0,15.11573710631552,50.273,5.344455261060281,12.3157,850.3643,6005.3452283318775,3.048060589258452,37.69767706606242,10.7911806350588,70.92478341651017,1.146526702532897,27.90113927435016,20.159414482715345,33,1,smote_smogn
12.5,16.921269476966756,56.08189820993302,5.279025515781619,12.130925189050242,850.3643,4928.152007125425,3.007524797573333,36.364498978164505,10.399844618083948,71.89698841980405,1.1279194640218126,30.84969768615679,22.013887619472563,33,1,smote_smogn
15.0,18.88040890373788,61.875,5.263896691138871,11.867281429580144,850.3643,3846.197638338425,2.95,35.078745,9.955403672299653,73.07453651587194,1.1088318921218725,33.69089680493536,23.780748894332948,33,1,smote_smogn
17.5,18.64769549961829,60.15520214740141,6.174393683584446,11.50409235861111,2252.7224378534997,4895.639219691713,3.244366797153914,37.32357944692846,8.773432623183421,67.5551354403762,1.0708325747960308,29.635038882837296,23.802095876122337,33,1,smote_smogn
20.0,18.521686794370897,58.5994416178548,7.052556304763414,11.12653623969991,3551.970763497519,6014.930457269733,3.5482906396699145,39.54930184,7.581468136081012,61.991,1.0364429448630812,25.598111468390076,24.008200417653505,33,1,smote_smogn
22.5,21.843694125996024,58.62626165755026,7.828453412247368,10.700919418207343,4382.896455878686,3220.5819487179374,3.601109062106244,38.46470562022739,7.15498984965732,62.73135600966824,0.9972094502611636,39.658173242646825,30.49526426836304,33,1,smote_smogn
25.0,25.157310713490464,58.86984332797003,8.5991,10.285160329853298,5247.691621705746,369.049965099601,3.632863121146958,37.425461482866645,6.807921592555477,63.187208847993325,0.9587637748794474,54.054,37.25808129549515,33,1,smote_smogn
0.0,32.708,47.962,7.1637,34.009,865.93,277.3234,1.36632,46.236,1.716,79.561,1.0,26.009,25.61879912,34,0,original
3.0,39.242,46.549,7.0879,32.912,828.91,294.5084,0.97788,31.829,2.4514,54.868,0.967743833,47.534,34.5578469,34,0,original
7.0,52.309,45.755,7.5453,29.866,1004.88,57.1905,1.0627,31.548,1.3226,54.295,0.878179305,37.668,34.82734702,34,0,original
14.0,35.684,44.031,7.1788,25.568,1087.35,107.7176,1.24444,31.516,1.6338,51.722,0.751800994,38.117,40.27423134,34,0,original
21.0,33.311,44.167,7.3211,21.268,1424.34,240.9453,1.40906,29.86,1.8667,49.911,0.625363874,40.807,46.51370145,34,0,original
27.0,25.619,42.753,7.1485,16.83,1086.04,123.8251,1.72195,28.704,1.3295,50.132,0.494869005,50.224,55.29476177,34,0,original
34.0,23.004,40.874,8.2843,17.822,1049.04,326.4794,1.63003,28.547,1.5402,46.795,0.524037755,66.816,59.92408749,34,0,original
40.0,17.969,37.601,8.5235,19.093,638.0,717.2207,1.42973,26.515,1.5389,45.525,0.561410215,86.099,65.1588954,34,0,original
0.0,32.65479847625789,47.89985922930095,7.1736041666297385,33.949670986350235,866.7970616483951,277.5310488098651,1.366334962131017,46.07246539138823,1.7195231809753266,79.38819772152097,0.9982732722165276,26.009,26.085199269054577,34,1,smote_smogn
2.857142857142857,35.68328747233133,47.28701355706718,7.11935167074779,33.31072410173288,847.3289027398018,288.08495232314243,1.1718747614664624,39.004680105660434,2.0913554933845364,67.54747440016884,0.9896768513611972,36.89865831695201,29.945453778134908,34,1,smote_smogn
5.714285714285714,39.22923026667907,46.47448097250482,7.0879,33.03277154641096,826.1919741663077,295.0912829018905,0.97788,31.97624318165701,2.4514,54.87325042338912,0.9650151968854636,48.23585862899715,34.977522655763714,34,1,smote_smogn
8.571428571428571,45.79341460314142,46.10670167345047,7.335322986759023,31.354296280877936,916.5581127170984,174.53161432607402,1.021095841671428,31.661977454575112,1.8856667203092747,54.51793585781101,0.9236868957616446,42.43871710147067,35.15094658132923,34,1,smote_smogn
11.428571428571429,52.26223132700062,45.66544656497904,7.533940999009564,29.695257747672542,1006.9867477363114,57.328199591833794,1.0599918075799606,31.557289232297627,1.3226,54.19983660923703,0.8748280330290743,37.71569889301052,34.63972951251672,34,1,smote_smogn
14.285714285714286,43.65238375630113,44.958319259349175,7.3437720018776815,27.93205336412343,1037.3595181161213,82.20145026716594,1.1576454495361357,31.68631313781066,1.474249221789529,53.06585665440158,0.8125697743938287,38.10787533644802,37.38681783695139,34,1,smote_smogn
17.142857142857142,35.73895536365556,43.97413881715848,7.173699843725252,25.64465723242227,1089.5935621464753,110.25568327417344,1.2404886464514353,31.50224776953392,1.6300172636190924,51.81053533263717,0.7499361802747666,37.4307062795397,40.28575998124111,34,1,smote_smogn
20.0,34.25793797140573,44.061896156363694,7.249156780909403,23.423806801881,1251.0863206371569,178.53075172294413,1.328009820283114,30.71293933888908,1.7538387443636594,50.533514685631,0.6939250322068796,39.54673557199384,43.34521829974463,34,1,smote_smogn
22.857142857142858,33.47904659238781,44.09384179309184,7.313468279495371,21.24140166440472,1422.5594109143528,239.57063906667375,1.4078386838101504,29.918219828017115,1.867169157879923,50.15085333461824,0.6272606128975347,40.55422205158271,46.93094058583941,34,1,smote_smogn
25.714285714285715,29.36003695716747,43.43814295788114,7.244093874104888,19.01380194262943,1244.21008529237,183.159899045176,1.5667530198906414,29.14915133490137,1.5890208320589003,50.10235975245796,0.5632244285844641,46.16737480810768,50.69331788388295,34,1,smote_smogn
28.571428571428573,25.79430388059293,42.7448936993196,7.1505040818458925,16.83,1088.2349168381204,121.59134765905586,1.7216767959366208,28.657250746511316,1.3345174475909027,50.37047288815233,0.494869005,50.15798665593986,55.35449140287595,34,1,smote_smogn
31.42857142857143,24.314161416232547,41.86034072993146,7.710649750781718,17.291651468460003,1064.6676887700337,226.54656682823736,1.6721567278445864,28.63800506394123,1.442559821683078,48.75724278859708,0.5095812957031299,58.29387442000367,57.422543065415645,34,1,smote_smogn
34.285714285714285,23.01635848677609,40.79903254348998,8.279172324415198,17.747959540356625,1047.1006038643209,328.0189896421254,1.6351556296581609,28.39333707902757,1.5487575826472348,46.77792972642525,0.5226256545429223,67.08551178669967,59.95056829381502,34,1,smote_smogn
37.142857142857146,20.72769806899069,39.20342202924954,8.396799587646303,18.444523916741925,843.871785261406,521.2919524465358,1.525722603557229,27.66289655358932,1.5329968354821584,46.3071381831728,0.5445415518739166,76.61285112980971,63.06435356810085,34,1,smote_smogn
40.0,17.969,37.68168275965101,8.5235,19.016476953766524,638.0,717.2207,1.4327411923646154,26.5878340932457,1.5407649889486423,45.525,0.5702946691736464,86.099,65.1588954,34,1,smote_smogn
0.0,32.224,51.526,7.0669,34.148,897.1,252.2521,1.30931,45.109,1.6826,78.291,1.0,22.422,24.35410578,35,0,original
3.0,38.276,49.183,7.3787,34.304,912.02,177.1297,0.92087,31.579,1.8375,53.343,1.00456835,40.359,30.48710505,35,0,original
7.0,54.0,47.924,7.5453,30.562,952.96,195.6567,1.01708,30.923,1.6016,53.311,0.894986529,30.942,31.7525797,35,0,original
14.0,38.1,47.749,7.4696,22.782,1050.96,89.012,1.29575,29.767,1.4663,51.245,0.667154738,37.22,43.50017786,35,0,original
21.0,33.795,46.491,7.4665,21.825,1336.04,245.3573,1.37486,29.235,1.9226,50.705,0.639129671,43.946,47.04438042,35,0,original
27.0,26.343,44.457,7.0759,18.501,1086.02,189.3612,1.5509,28.203,1.0393,48.893,0.541788685,58.744,56.3352602,35,0,original
34.0,22.763,42.423,8.2116,17.404,981.49,415.7573,1.64712,27.798,1.6519,48.607,0.509663816,71.749,62.26485828,35,0,original
40.0,20.866,39.461,8.5235,19.093,773.06,682.5066,1.40694,25.641,1.1482,45.525,0.559124985,86.996,65.57078732,35,0,original
0.0,32.19935923405245,51.526,7.0669,34.06443187064488,900.276056737717,251.5306335844449,1.304431860683371,45.109,1.6819225288405584,78.291,1.00456835,22.576477808586333,24.60869124290885,35,1,smote_smogn
2.857142857142857,35.41847338105313,50.37434102409728,7.232450334952293,34.304,901.5345688511252,217.1901678640536,1.1150180889780483,38.44863303264601,1.7536710667338853,65.81266878381139,1.0032368319263256,31.630318195428774,27.68237054246436,35,1,smote_smogn
5.714285714285714,38.43325842070293,49.168743011915616,7.379904143131023,34.21976269248208,911.09067258807,173.9929081149952,0.92087,31.750542687009847,1.8406270966363696,53.37016166371205,1.0025563012937695,39.77385001214532,30.817786929202036,35,1,smote_smogn
8.571428571428571,46.25002436261919,48.61047816876624,7.464938326357174,32.6492501888576,933.6202119791598,185.88994845636745,0.9814645727388308,31.17205543315213,1.7121428091718132,53.37975405754263,0.9435646149170844,35.43047133266426,31.26661008542388,35,1,smote_smogn
11.428571428571429,53.52147906385135,47.950239350912426,7.555188300213996,30.43405497019664,952.5876034370444,195.4381451669413,1.021791548355684,30.746374854555896,1.6064052529294444,53.32023818922716,0.9024113941445888,30.82001983345447,31.470298679274705,35,1,smote_smogn
14.285714285714286,46.074246259055904,47.85244785141138,7.506394189444694,26.499141662449222,1001.2552016103537,146.15716568124716,1.156637851855027,30.40745738987386,1.5320085002643142,52.37591059702438,0.7804564066925208,33.768421657232125,37.58819241580371,35,1,smote_smogn
17.142857142857142,38.07937859883777,47.8187089892586,7.487249801555742,22.90423565524272,1047.5315892114209,89.65920138723047,1.295247781714787,29.743456128375897,1.463723565034017,51.26068847352181,0.6699544072611954,37.38127683602646,43.04650809654465,35,1,smote_smogn
20.0,35.979330958309305,47.2153549638841,7.464213580252633,22.22749790857081,1187.5567771442538,172.62739889947494,1.3395728010500885,29.370338223021218,1.695847195327381,50.65179870552546,0.6563623274948507,41.029189521545966,45.386331082750736,35,1,smote_smogn
22.857142857142858,33.65209989507663,46.40728419448343,7.483616371447448,21.82407030022625,1336.04,241.1563926033346,1.3793423239754767,29.227567297276632,1.9184906422541732,50.4235684919567,0.6373885776249459,44.45169618198101,46.997884576496105,35,1,smote_smogn
25.714285714285715,29.81803107240159,45.40378843311376,7.262849468490312,20.121605146798903,1211.7245136540555,217.7642239868917,1.4498146236873362,28.788178044832456,1.482272656425698,50.10942418182725,0.5929888362938909,51.21748252201312,51.6786857336112,35,1,smote_smogn
28.571428571428573,26.430737472701438,44.4048444811452,7.080333280000023,18.332383341691276,1088.5956357926077,189.92040683365263,1.553785386741031,28.188835192490437,1.0393,48.89301157150467,0.5395160147342543,58.85375892516091,56.66609075309998,35,1,smote_smogn
31.42857142857143,24.4855018790499,43.33957237129649,7.638245443253544,17.94260945254359,1032.5064827413855,304.4921604998929,1.5991354979070838,27.92568535689187,1.3429582791155603,48.90300091428521,0.5220004271367422,65.41403106560472,59.17448826937452,35,1,smote_smogn
34.285714285714285,22.871870484805847,42.41880565597938,8.221191294446443,17.566490132501208,979.4546790097514,413.2219521402389,1.641236333943651,27.776748076077844,1.6538234169087882,48.55133730247739,0.5140443433398791,71.98254922584236,62.19558089978696,35,1,smote_smogn
37.142857142857146,21.68740122837496,40.98211400814436,8.363452993412995,18.37736221544995,877.2936975693588,554.3825865633809,1.530979899293707,26.717648101638005,1.3946474024668114,47.05665883665637,0.5337993177056091,79.04238208499737,63.92386053325065,35,1,smote_smogn
40.0,21.134231698593887,39.461,8.5235,19.12277592175228,775.4991476106264,682.5066,1.417019611368292,25.641,1.1422006840224532,45.525,0.5610755461962991,86.996,65.06520170353974,35,1,smote_smogn
0.0,32.224,59.428,6.873,38.743,980.2,237.3189,1.18386,44.736,1.5151,77.781,1.0,30.493,27.19975394,36,0,original
3.0,39.242,57.549,7.3787,31.937,1005.52,207.147,1.01209,32.579,1.8375,55.631,0.824329556,42.152,38.66176256,36,0,original
7.0,53.275,55.36,7.5695,30.145,1020.48,218.4381,1.0684,31.797,1.5123,54.836,0.77807604,21.525,33.32473856,36,0,original
14.0,37.618,49.608,7.3969,20.972,1045.79,250.358,1.35276,28.391,1.6672,48.956,0.541310688,45.291,51.61204596,36,0,original
21.0,30.896,48.66,7.1031,21.825,1424.36,317.6327,1.28933,28.361,1.8667,49.434,0.563327569,56.502,54.643441,36,0,original
27.0,24.895,48.175,6.9304,18.362,971.74,50.401,1.5167,28.704,1.2402,49.402,0.47394368,72.197,63.91760008,36,0,original
34.0,22.038,45.367,8.3085,16.43,830.85,750.9532,1.63572,27.422,1.3505,47.335,0.424076607,84.753,70.43135254,36,0,original
40.0,21.591,41.01,8.6204,16.169,440.58,715.1232,1.57794,25.39,1.1481,42.982,0.417339907,90.583,72.76878787,36,0,original
0.0,32.25989673909343,59.268993684767615,6.873,38.743,981.238860645204,237.591621871538,1.190847952353441,44.64764908215648,1.513487532802442,77.781,1.0,30.77965883568904,27.19975394,36,1,smote_smogn
2.857142857142857,35.912617978023675,58.52030871984489,7.13059379339697,35.399284274910244,993.8243466580004,226.77658160185237,1.09556236875314,38.81886396693737,1.6851508110102926,66.55670331853976,0.9146977282164568,36.27414339185388,32.9094005706753,36,1,smote_smogn
5.714285714285714,39.28210153979617,57.75372998283342,7.361151918355906,32.28031918143137,1009.3179357367464,200.3616745041547,1.01209,32.61230644398222,1.838813158106743,55.65499985555388,0.8242708686678156,43.1749454549733,38.71778114681731,36,1,smote_smogn
8.571428571428571,46.45955059500368,56.40249151388695,7.466133292070451,31.001173043521607,1013.4024663328636,209.94870218831096,1.0404166559863446,32.12931774482865,1.6711936899204929,54.9749170092445,0.8006910550290426,31.844131364979344,35.6585132895327,36,1,smote_smogn
11.428571428571429,53.275,55.42731055820119,7.553668448280398,30.490487310337866,1019.0643419494892,218.23299641771612,1.0660935653812162,31.85112427191571,1.5181695613027115,54.83351338817984,0.7792604923242523,21.525,33.584857835776425,36,1,smote_smogn
14.285714285714286,45.55888460631845,52.74767947182151,7.466246060855159,25.764876149336928,1036.728682433063,230.457121442682,1.2157353264929749,30.170663159131266,1.593467011523059,51.84625303795384,0.6611231845353787,33.55235304665488,42.53256956136818,36,1,smote_smogn
17.142857142857142,37.40561492746995,49.42319115639442,7.39793690832961,20.92881901610697,1046.5032043516085,250.7277229323361,1.3531879305234549,28.55860410848439,1.667846784667137,49.1705264904852,0.546028677230559,45.97935166855716,51.77089180115481,36,1,smote_smogn
20.0,33.91912247612283,49.02168276857964,7.255994478666974,21.515152463980083,1225.4691356530384,286.7044766276052,1.321279782112694,28.247663799893708,1.769524314155274,48.99387074437649,0.5522411050617818,50.53158892020026,53.33368253071297,36,1,smote_smogn
22.857142857142858,30.804793139179186,48.72215847928796,7.097317254152496,21.79380902190486,1422.7843898663666,314.43048636128907,1.2920640253768183,28.34734322414852,1.862224542302516,49.20936478220189,0.5649847753751046,56.124178333404174,55.37812092708546,36,1,smote_smogn
25.714285714285715,27.622576115830665,48.65688594530317,7.001550052563509,19.88531041575656,1195.7237321787877,185.40291876514524,1.4036942956265026,28.66684163820026,1.551856932180298,49.67880910560119,0.5213223563335407,64.26593251144892,58.9702051387448,36,1,smote_smogn
28.571428571428573,24.489769695156788,48.096629401953685,6.9169033656792624,18.360834799129304,972.40328062126,50.401,1.517997274242921,28.776823423543465,1.239914332203944,49.29343081406219,0.4766962405582851,71.90806701179949,63.64721137834372,36,1,smote_smogn
31.42857142857143,23.524260207158733,47.0393988251227,7.623380512519949,17.183356309648754,901.474880361672,395.8150283152637,1.5773285482676116,28.110409180335303,1.3001858568908895,48.40235539068998,0.4544335948547958,77.8710115001551,67.68417619320235,36,1,smote_smogn
34.285714285714285,21.6993107995063,45.38154054755312,8.30967071037627,16.463765657074898,822.0771667682625,750.3571027206058,1.6351052958720758,27.56622091106464,1.348085764405592,47.38559409075902,0.4240295119415468,84.063749819791,70.62888992507196,36,1,smote_smogn
37.142857142857146,21.99625140709882,42.971723630781305,8.468554442180931,16.415520674986585,629.0051452252368,734.9704416868066,1.6029946828233623,26.38844746566743,1.2491867130452468,45.02349152172624,0.4185913280180937,87.77197150212356,71.62097616966423,36,1,smote_smogn
40.0,21.86687014558802,41.185258782350125,8.6204,16.169,440.58,721.10501894776,1.5854157541781704,25.39,1.154439705485977,42.982,0.417339907,90.583,72.62399195323995,36,1,smote_smogn
0.0,32.224,49.047,5.7584,36.097,580.22,268.4386,1.26369,46.236,1.85,79.561,1.0,7.623,19.13632023,37,0,original
3.0,34.652,47.789,6.1672,35.836,688.63,415.0998,0.9722,34.203,2.6077,59.19,0.992769482,13.901,21.65237486,37,0,original
7.0,51.343,46.839,5.9219,33.904,786.69,300.9614,0.98286,33.297,1.97,56.869,0.939247029,24.664,27.68692435,37,0,original
14.0,41.241,45.426,6.4277,23.339,853.58,278.1277,1.33566,30.89,1.8123,53.535,0.646563426,31.839,42.46465011,37,0,original
21.0,37.418,44.166,6.7881,25.863,878.92,288.1384,1.18671,30.484,2.0342,52.485,0.716486135,40.359,42.5425364,37,0,original
27.0,30.691,43.683,6.7366,19.058,769.13,165.9141,1.49388,28.454,1.162,48.894,0.527966313,56.502,56.12321021,37,0,original
34.0,24.454,43.043,8.0904,19.215,628.26,339.8454,1.49886,28.423,0.9598,49.116,0.532315705,68.61,60.21020149,37,0,original
40.0,22.799,38.84,8.572,17.561,554.88,615.8247,1.56658,26.641,1.0365,46.033,0.486494723,81.166,66.55463644,37,0,original
0.0,32.15566727616223,48.98407436086296,5.771540061098812,36.08875580556106,579.7016908164446,265.47625580316446,1.2669340410182517,46.236,1.850043186156857,79.40631451411568,1.0,8.582630403151606,19.18636880977248,37,1,smote_smogn
2.857142857142857,33.356732537496704,48.41964108534796,5.967471021971889,36.00570789000835,630.4042439587547,337.3666724107983,1.1194220701807942,40.27723396423386,2.234392469131067,69.25489779340528,0.9951171917313776,10.82457246549165,20.357121729642465,37,1,smote_smogn
5.714285714285714,34.70411011085036,47.676337074957935,6.161207443893768,35.70155652419335,692.3186778046513,411.8621843363355,0.972230188064651,34.25626972780681,2.599016606520256,59.14585379559616,1.0,14.336214958189958,21.843193696147782,37,1,smote_smogn
8.571428571428571,42.96772660366493,47.28984709779215,6.032014734755105,34.66464068585525,737.072864207274,358.7921909488126,0.9783590905376152,33.5849774938571,2.2825048824058998,57.97996588006128,0.9657177381540588,19.441586425840693,24.275238452062904,37,1,smote_smogn
11.428571428571429,51.343,46.74476795072663,5.918645154528319,33.99569614479244,787.0600143357198,301.0286535635185,0.9800673057779484,33.26038144007488,1.9736306437452813,56.8191745971504,0.9416457489484044,25.014031898055,27.582608902390263,37,1,smote_smogn
14.285714285714286,46.54667102919774,46.20681239995323,6.160418694954244,28.747367065672712,822.8014110693579,289.0996528630727,1.1580175130017454,32.04462771285677,1.9105624295628003,55.3442288972255,0.7853667164414445,27.71195549720824,35.45943188372631,37,1,smote_smogn
17.142857142857142,41.16307953118005,45.38424084396722,6.428728795947755,23.44349671964008,848.5559631294586,277.34745654470646,1.3333031453261972,30.81105912864534,1.8269648082682708,53.48929279739623,0.6432220071977678,31.61284227794497,42.08174027340139,37,1,smote_smogn
20.0,39.27984844645487,44.88571554095184,6.609404122795879,24.62271846746458,865.1537103285492,287.3916797850145,1.2648437751400112,30.606673340602576,1.9292279075251333,52.94371498698192,0.6773049030587499,36.28222438085743,42.97766991738462,37,1,smote_smogn
22.857142857142858,37.4464063331824,44.22644173784196,6.792707279359591,25.97052226927532,878.0906121727036,286.39638868714894,1.1863235694782277,30.30242231856333,2.0357532145101875,52.25249119990886,0.7127808127802263,40.92075744578151,42.19990435386769,37,1,smote_smogn
25.714285714285715,34.01729242761422,43.88941801387658,6.793444175484996,22.56048311459171,823.304465224285,228.9903585621216,1.3350274534508544,29.34087460551034,1.6124703837944063,50.86603011470529,0.6238395254188487,48.051451403474935,49.60551778382258,37,1,smote_smogn
28.571428571428573,30.379086889733767,43.62481422462516,6.734268349863049,19.168381879038236,768.7583098782787,165.91814950984036,1.490943498447182,28.54177934768604,1.1701507974244014,48.77827786139914,0.531986832466171,55.559955095909984,56.00349360518095,37,1,smote_smogn
31.42857142857143,27.4779603623786,43.35249437171071,7.431185648471111,19.01604012900725,701.7954454417343,252.7507466512543,1.4833838758447266,28.42414803441116,1.037374538234857,48.81766725242092,0.5314790163311022,62.32514982096352,57.79919974494957,37,1,smote_smogn
34.285714285714285,24.56601675708721,43.03731980014589,8.094441818253042,19.06126829966705,629.7028666242342,342.3362336083252,1.4968528067746707,28.372145395901462,0.9598,49.1527228418979,0.5314357707985624,69.07800221706181,60.05070099534997,37,1,smote_smogn
37.142857142857146,23.860767666103136,40.96028879356574,8.327005779494952,18.333544178736688,593.6225635102086,480.9310924768759,1.5328728049547,27.531456575894037,1.001618212499433,47.44232961780086,0.5069559570267815,74.15416759821841,63.55733673866419,37,1,smote_smogn
40.0,22.799,38.84,8.569902236278418,17.561,554.9809538517811,615.3175958040084,1.5660274114424966,26.75823322924873,1.0181715641934597,46.033,0.4908182074593376,80.62072292744102,66.55243636418302,37,1,smote_smogn
0.0,32.224,51.061,8.133,39.718,756.83,481.7836,1.10405,43.986,1.7719,77.274,1.0,18.386,22.93110541,38,0,original
3.0,45.522,49.957,8.6386,35.418,875.66,253.3596,0.88666,30.954,2.563,53.597,0.891736744,38.117,34.41831334,38,0,original
7.0,56.898,48.544,8.5871,32.512,880.2,146.8927,0.92584,30.423,1.97,52.295,0.818570925,35.874,36.68926732,38,0,original
14.0,36.893,47.285,8.0268,28.213,952.28,296.189,1.08479,29.892,2.4262,52.008,0.710332847,43.498,43.90677311,38,0,original
21.0,33.313,46.801,7.8784,27.255,1039.94,403.5423,1.08409,28.86,2.503,50.45,0.6862128,56.054,49.34308485,38,0,original
27.0,27.792,45.697,7.8269,21.008,857.46,419.3766,1.37415,28.077,2.0663,48.894,0.528928949,64.574,58.92892734,38,0,original
34.0,24.211,43.663,8.9384,19.911,763.33,236.821,1.36773,26.547,2.0649,46.065,0.50130923,78.027,64.82795203,38,0,original
40.0,23.04,40.235,9.3715,20.067,721.11,343.9228,1.35561,26.39,1.9072,46.542,0.50523692,84.305,66.87706701,38,0,original
0.0,32.49442074742504,51.0391223205998,8.113544679983663,39.56028516150274,755.630394479665,481.7836,1.1022614663970296,43.986,1.7722957879946517,77.274,1.0,18.626090673081663,22.93110541,38,1,smote_smogn
2.857142857142857,38.99174820336161,50.46717151137416,8.39263378494323,37.5262660293957,817.6888339702048,366.3057770693442,0.9925055076969664,37.426293381206165,2.1768809732497303,65.55395980425178,0.950014385599089,29.036647374278232,28.590468608035604,38,1,smote_smogn
5.714285714285714,45.24886902114076,49.9652240324364,8.624320424678006,35.43836206979359,874.203304555553,258.23379385869407,0.892567030160252,31.152828941601484,2.5592837679870866,53.85456943991053,0.8905702840286053,37.73788286825776,34.616683683445906,38,1,smote_smogn
8.571428571428571,51.26666002472956,49.34112399685024,8.620682780392743,33.88907060874584,877.2137936008747,202.62384905365127,0.9087788082102995,30.66145837251083,2.2764634880105064,52.77634853386049,0.853480217928958,36.627194356167536,35.141375352941104,38,1,smote_smogn
11.428571428571429,56.898,48.54250913642071,8.592176525753693,32.43245195020925,881.4208303214142,149.3817116827161,0.9292524849689152,30.44050630402896,1.9657149069401385,52.14099940357169,0.8182166433136401,35.404266057986405,36.81395404602108,38,1,smote_smogn
14.285714285714286,46.974759611468464,47.95044513342281,8.305553090355014,30.50928566861143,915.794198117227,219.6774324802365,1.0062886622962568,30.17052325067529,2.196109011951417,52.31884813681947,0.760516456240474,39.738447245059774,40.47014055289536,38,1,smote_smogn
17.142857142857142,36.88292665601593,47.29174271839086,8.033581503666317,28.370594767080924,951.5481548811424,292.52854108603225,1.0800243577687636,29.829714856457205,2.4282080550781844,52.187377160735146,0.712549678192313,43.39171720315774,44.09344196562128,38,1,smote_smogn
20.0,35.39086607882651,47.164959821553104,7.950137005883139,27.67773431436517,995.5393814751052,349.2544198790852,1.087075835975538,29.417152414183303,2.469130455893601,51.44350592419581,0.6986617630770192,49.5028888290309,46.910513635999074,38,1,smote_smogn
22.857142857142858,33.16828133256086,46.7927293566238,7.879792790406197,27.20274917026103,1038.667543371272,404.0714301941646,1.0889024910251894,28.890784550332302,2.506079591385617,50.63357123927209,0.6860946723641335,56.02820387015933,49.02268373277017,38,1,smote_smogn
25.714285714285715,30.518045343667143,46.28515134023879,7.839238752334507,24.09344276971973,949.5328553561408,411.1674917956685,1.2344530550186272,28.56054175580489,2.275961348964611,49.70685537922418,0.608667915444764,59.90857764566992,54.28525135471321,38,1,smote_smogn
28.571428571428573,27.919670222795563,45.65388917412105,7.8269,21.302025365265315,857.5271631195152,418.4215041081672,1.37415,28.14183274755845,2.063700351738067,48.82082610152416,0.5240089040914486,65.18124631382078,59.41567296650143,38,1,smote_smogn
31.42857142857143,26.0663638179098,44.61280869037314,8.391264857284007,20.461748816440476,807.8820211482637,324.960373887704,1.370943525457113,27.328841313731317,2.060397451990679,47.59640264090654,0.5197944610860501,71.02584375466486,62.26456607616605,38,1,smote_smogn
34.285714285714285,24.325275450212875,43.66258611248399,8.925987171610705,20.11928304065036,762.4267268399394,235.6093512981995,1.3677232480453425,26.473318343098303,2.058626581692564,46.065,0.50130923,77.80265606684658,65.34966150566748,38,1,smote_smogn
37.142857142857146,23.73438220224749,42.01982888743931,9.16258352301818,20.086049755084076,741.5398744521738,289.93370674683257,1.363521805860439,26.39743384318773,1.9859762789252489,46.32024549864774,0.5020221379200243,80.22843274611371,65.91896648498616,38,1,smote_smogn
40.0,23.147112854546435,40.27299549449732,9.352675790799012,20.053097124372144,721.11,343.0298166025869,1.349752408375715,26.53911366487571,1.897610012374943,46.48127730851785,0.5081244105303924,83.65864697049595,66.71386279066877,38,1,smote_smogn
0.0,16.4,54.5298,6.61,18.06635071,643.573727,124.8904819,2.11,38.12,1.45,89.55462185,1.0,57.0511,36.56352653,39,0,original
2.0,47.2,61.8635,7.38,17.40825688,901.4764338,39.0,2.18,37.95,1.999333333,87.70876505,0.963573505,36.5885,30.87323291,39,0,original
5.0,47.3,48.913,7.44,15.82627119,1088.0,0.0,2.36,37.35,2.053333333,84.62445963,0.87600819,83.1622,50.95840614,39,0,original
10.0,25.9,46.1088,7.24,15.09465021,338.3494227,0.0,2.43,36.68,1.68,83.60250967,0.835511856,92.44444,55.92576738,39,0,original
15.0,21.5,45.0222,7.49,13.57089552,160.8934318,0.0,2.68,36.37,1.964666667,80.47787744,0.751169715,85.33333333,56.94803704,39,0,original
20.0,21.4,40.6778,7.48,12.61188811,118.3039939,0.0,2.86,36.07,1.693,79.29386371,0.698087196,134.7232202,76.58312456,39,0,original
27.0,24.7,40.6091,7.78,11.90397351,119.0,0.0,3.02,35.95,1.8364,75.46715328,0.658903046,99.3718009,65.75877733,39,0,original
0.0,16.807499809278006,54.63020391962208,6.61,18.06635071,641.3395670510065,124.8904819,2.11,38.10977917538801,1.45,89.52104495479985,1.0,57.8728500453681,36.90417020786746,39,1,smote_smogn
2.25,31.801992250751667,58.32148922205643,6.996454003534886,17.68410154009554,768.7913676002884,81.74841463214062,2.152734190226452,38.02633112878825,1.7304404573040797,88.66352524183989,0.981273829017727,47.50424375439275,33.3754382936986,39,1,smote_smogn
4.5,47.03955778405627,61.8635,7.385033183907314,17.391231195909175,904.1666218382233,39.27474389289591,2.1808867955968703,37.94426317687967,2.001536884547908,87.71565767163345,0.9670475115232342,36.91069121561219,30.923941935617787,39,1,smote_smogn
6.75,47.3,55.37357108730825,7.4017565057466275,16.632771411610744,997.5014234361312,20.771350361981927,2.264731944305506,37.631679580653085,2.023860536078448,86.08400655075364,0.9197789385929052,59.52824894130332,41.06184126955386,39,1,smote_smogn
9.0,47.24585823096832,48.93205560636475,7.454054155074923,15.854726694035946,1088.0,0.8144401664263264,2.3654984628836995,37.36061583985695,2.053241959635495,84.82832599768957,0.8767774325457773,83.88875214980351,51.03428745081384,39,1,smote_smogn
11.25,36.72772646707795,47.63293327900187,7.346658420650632,15.429454229869592,706.5554245609054,0.0,2.3874235691386656,37.01418110899816,1.8629649502390773,84.2281655452137,0.8556818507217822,86.93903956221438,53.11688440717686,39,1,smote_smogn
13.5,25.84473809687186,46.23512752089937,7.24000756651568,15.076505221593967,336.1157786767672,0.0,2.437698131886458,36.67517127771527,1.6858825686421328,83.61842441794528,0.8343000396437434,93.61013410578656,56.22718339138074,39,1,smote_smogn
15.75,24.03335287379622,45.19979289409156,7.360368246868856,14.392896010374086,264.13531735136144,0.2257049648008757,2.5609395403268502,36.50761359849732,1.8194096127142212,82.17331385849207,0.7927254600008831,88.51630245061038,56.47096742656558,39,1,smote_smogn
18.0,21.35091128724949,44.98519502495474,7.489021072843311,13.61872495649521,162.498755793202,0.6073365511842959,2.6883290933016384,36.35183038242008,1.9629817239427685,80.57988038076438,0.7543120479786786,85.19073044056297,56.680402037693845,39,1,smote_smogn
20.25,21.55241976227884,42.819515007073605,7.485468551476181,13.099972860924392,138.3655469253762,0.0,2.7690516101378764,36.25031337220548,1.8264832924335197,79.89275948786356,0.719355586474253,109.79462239894832,66.2456345361626,39,1,smote_smogn
22.5,21.295838397667936,40.76877596376221,7.482463809998306,12.519817636030597,118.3039939,0.0,2.8570267282489654,36.06017813371761,1.6932589158016356,79.32129466634794,0.6952641872576496,134.13922154191363,76.58312456,39,1,smote_smogn
24.75,22.989999884815997,40.63437339750636,7.638390418354838,12.361300431923665,122.26830306377283,0.0,2.940503552688363,36.01955991535306,1.7691140239191214,77.50775910066926,0.6768421191669526,118.09518151590038,71.85770741076976,39,1,smote_smogn
27.0,24.612174740712703,40.70686339264244,7.777338062535476,11.90397351,126.36948935623816,0.079313076941963,3.019493960013526,35.95254660025722,1.8421638812768928,75.46715328,0.658903046,99.8011273585602,65.47424558885918,39,1,smote_smogn
0.0,15.8,54.8323,6.53,18.45933014,619.9129283,119.474313,2.09,38.58,1.415333333,89.05521156,1.0,60.8133,37.88999134,40,0,original
2.0,53.9,61.2579,7.73,17.63255814,925.1372326,25.0,2.15,37.91,1.917,87.46996224,0.955211159,29.1981,28.61748928,40,0,original
5.0,17.3,47.9296,7.76,17.21559633,1095.494984,0.0,2.18,37.53,2.156666667,83.42408712,0.932623026,82.8132,48.46618499,40,0,original
10.0,22.3,47.3788,7.44,16.76470588,1128.620102,0.0,2.21,37.05,1.629,82.02894356,0.908196871,82.88888889,49.51503708,40,0,original
15.0,43.0,43.9045,7.65,14.17254902,300.4921446,0.0,2.55,36.14,1.977,80.86075552,0.767771577,94.66666667,59.5440135,40,0,original
20.0,26.3,43.006,7.79,12.46527778,229.5097482,0.0,2.88,35.9,1.805666667,77.19255066,0.675283322,130.5136736,76.05321376,40,0,original
27.0,25.1,43.0497,7.83,11.41853035,206.0,0.0,3.13,35.74,1.8938,73.85396742,0.61857772,167.364703,91.41900561,40,0,original
0.0,15.989983666114426,54.72688578165455,6.534750251955867,18.442052236203192,614.4611467313767,119.23927295531982,2.0920785157205097,38.58,1.419192934452567,89.01526718928199,0.996498911117419,60.98000784479036,37.88667267165437,40,1,smote_smogn
2.25,35.132724864838394,58.21704397724432,7.14074289212596,18.019084504184885,774.7490717507811,73.06971995963808,2.1140606681398086,38.24734971237318,1.6690654814437569,88.24202482230511,0.9811037980244174,44.29053354344465,33.09913818899309,40,1,smote_smogn
4.5,53.790360684134754,61.03392027531089,7.720183959722553,17.654322812818634,930.9820560569076,24.674915697692093,2.1451617642092864,37.925507455631184,1.9148474748546325,87.40998054182596,0.9537886121675682,29.1981,28.61748928,40,1,smote_smogn
6.75,35.643213007778336,54.64814197635079,7.744583036678613,17.440902806055867,1012.6124774099916,11.832200734689003,2.1665082203445896,37.72614959945888,2.027123930659343,85.45768789606917,0.9434521228607988,56.12690376146192,38.39248689878658,40,1,smote_smogn
9.0,17.471182543167746,48.0777499500509,7.756883297100388,17.190656016589227,1116.3464131775957,0.0,2.183323246115836,37.56942705512101,2.156666667,83.2626909792321,0.929877691167564,82.7890369862144,48.15748644995565,40,1,smote_smogn
11.25,19.77279821316209,47.46364395736386,7.602919792629074,17.006558637664696,1121.0775938903662,0.5290620397323236,2.1922663766747346,37.30748942315681,1.885424194377104,82.75554475872558,0.9184067869661618,82.52887356179441,49.22233300634003,40,1,smote_smogn
13.5,22.1821716560186,47.59621403013408,7.440617536211597,16.629350276490463,1128.620102,1.888273081755085,2.2243369435721942,37.01497862489051,1.6369050894263344,82.01986356583994,0.9124825028621666,82.49573368227564,49.459026587034586,40,1,smote_smogn
15.75,32.67488785909267,45.63238426100121,7.542402611613266,15.508832363501527,719.607202909864,0.0,2.38669669814518,36.62175467428307,1.7977439761410738,81.52227988080836,0.8383437814745012,89.11520221839687,54.49580145744434,40,1,smote_smogn
18.0,42.95736434106544,44.06906369848529,7.654466237166183,14.2156626113778,301.1189085059318,0.4559389401196275,2.5351732173691928,36.14387070120557,1.9770511881690185,80.8328117091994,0.7669976924361753,95.0231736367657,58.6003111164419,40,1,smote_smogn
20.25,34.42734638558239,43.48806720815621,7.715167425158783,13.294539301987044,268.6466658961401,0.1086765810645247,2.71412556268651,36.04678701170103,1.8921697535533664,79.08207138864532,0.7207390386804736,113.35665140006589,67.71321454311676,40,1,smote_smogn
22.5,25.804987985182844,43.006,7.790078549360451,12.431328132772292,230.93721758709088,0.7973128383918516,2.8726736651487803,35.89395865497428,1.8069933916577745,77.24334915711547,0.6752884818955874,130.66534401855935,75.64727048255858,40,1,smote_smogn
24.75,25.50794120388999,43.006,7.815381683331198,11.939135234462668,225.3463463157437,0.4497414982402398,3.0185630065869287,35.799759323822435,1.8509125404108853,75.51046197914631,0.6488143761486901,147.33077987127493,83.53912109130646,40,1,smote_smogn
27.0,24.60930692446616,43.006,7.824923966316353,11.41853035,206.0,0.8411295199194545,3.114209619711513,35.74,1.8942743231456831,73.88644037606215,0.6190831664880982,167.364703,91.41900561,40,1,smote_smogn
0.0,15.7,58.4867,6.75,18.45933014,627.0111679,194.1457587,2.09,38.58,1.477666667,88.94,1.0,54.1098,35.52649209,41,0,original
2.0,51.8,60.6648,7.63,17.63255814,960.6284308,19.0,2.15,37.91,1.858,87.02365774,0.955211159,25.1604,27.19388953,41,0,original
5.0,17.8,45.3368,7.8,17.21559633,979.5570698,0.0,2.18,37.53,1.740666667,85.82848837,0.932623026,91.9924,51.70255887,41,0,original
10.0,24.5,48.1935,7.39,16.76470588,948.7980314,0.0,2.21,37.05,1.453666667,83.12251536,0.908196871,80.88889,48.80988367,41,0,original
15.0,35.7,44.1319,7.55,14.17254902,305.2243044,0.0,2.55,36.14,1.838666667,78.51369185,0.767771577,122.8888889,69.49451714,41,0,original
20.0,21.3,42.032,7.8,12.46527778,194.0185501,0.0,2.88,35.9,1.696,77.22829371,0.675283322,131.3367328,76.34340542,41,0,original
27.0,23.0,42.7464,8.03,11.41853035,216.0,0.0,3.13,35.74,2.0288,75.77208175,0.61857772,122.5590677,75.62157359,41,0,original
0.0,15.7,58.32868390806878,6.756286318847254,18.45933014,625.2784982839961,192.5556180526569,2.101555955811569,38.56785946382013,1.4759745715957506,88.84439323991595,0.9969205611950336,54.51077159967328,35.729477900573016,41,1,smote_smogn
2.25,33.51692132653392,59.80529371130609,7.196245989622995,18.13330359128297,784.0968585244148,106.85966068599974,2.117785379714332,38.24277489247473,1.6674076401844422,87.8948959637239,0.9728125954672966,38.431352233235216,31.040549968969817,41,1,smote_smogn
4.5,51.8,60.6648,7.646025265074421,17.603809431862924,954.0955294750452,20.93132431602953,2.142972911615176,37.91827459967243,1.863263637952161,86.99410285165013,0.9540148949014656,25.757496384969677,27.19388953,41,1,smote_smogn
6.75,34.758224369831105,52.74796747903369,7.700872251419736,17.47500797860438,974.7019622439026,9.388446738463752,2.1601459390639657,37.75285551955963,1.798865767206654,86.48865417708804,0.9429152072497028,58.05850358209052,39.46490594942412,41,1,smote_smogn
9.0,17.786110471836047,45.230633846014726,7.804805922463122,17.232676168417377,977.0782981424504,0.5441397139414471,2.1764071313090114,37.53380635680644,1.7382351027133314,85.71328966785138,0.9346766223049569,91.73114148078686,52.1523577202743,41,1,smote_smogn
11.25,21.035886801782837,46.828382618354176,7.582398869078211,16.922153216201806,964.3449214731404,0.8782810522505171,2.187039521020232,37.29372354619692,1.597244737167407,84.41997580679798,0.9204540534122446,86.57125180317709,50.74467606726338,41,1,smote_smogn
13.5,24.59375350665617,48.01878498781485,7.401242953536005,16.731193696974277,950.3276737473096,0.0,2.2191793571176137,37.05341657376008,1.4590941281447467,83.06832259782587,0.9069183079554922,81.29856359888439,48.672761412424784,41,1,smote_smogn
15.75,30.0439582708802,46.14527864481344,7.473122735623429,15.58107525860953,629.0495145436649,2.063842394555328,2.389446435018632,36.56784870976024,1.6446117202067634,80.90420484777005,0.8376817498396895,102.19999295435218,58.82902239270644,41,1,smote_smogn
18.0,35.665245888952505,44.18838053282636,7.543906898525795,14.189773945792266,312.6899655303772,0.5621534624308206,2.548606961995161,36.1124341495594,1.8350144997904332,78.56198912983291,0.7650623866280601,122.85409791939648,69.1270791309342,41,1,smote_smogn
20.25,28.3414715098638,43.05749467745166,7.679994044168119,13.367036684253742,242.46754583230236,0.5846643439080852,2.712205553171789,36.00460518532547,1.7657840565075005,77.95361700997094,0.7242012632713298,126.81625820459702,73.00633963712656,41,1,smote_smogn
22.5,21.47165215535345,42.10333527806316,7.796460072241693,12.455071261555853,197.73160725958857,0.0,2.8670830311620707,35.919298707800394,1.6963981919571178,77.35068497874835,0.6732339964789016,131.3367328,76.34340542,41,1,smote_smogn
24.75,22.10881710028426,42.29741208422925,7.916922901888642,11.915914558137809,209.925448596696,0.894204998435304,3.00995169342157,35.813610407403175,1.8645283322381716,76.47224306843758,0.6439580766835581,126.86522327391846,76.16909723419053,41,1,smote_smogn
27.0,23.11320923782967,42.44929937733888,8.03,11.419842696919073,222.41912586329744,0.569929674876532,3.13,35.74,2.0288,75.77208175,0.6207103999810758,123.81984964166064,75.06983986710232,41,1,smote_smogn
0.0,16.1,54.9198,6.66,18.46411483,797.3689192,119.8484667,2.09,38.59,1.511333333,88.78,1.000259202,58.0568,36.90726626,42,0,original
2.0,55.1,48.6198,7.64,16.9380531,1048.173386,0.0,2.26,38.28,1.836,86.79582712,0.917587635,73.4468,45.79299755,42,0,original
5.0,17.9,45.0425,7.59,15.60995851,1216.165058,0.0,2.41,37.62,1.987,85.71243187,0.845640572,89.6315,54.51013137,42,0,original
10.0,40.4,45.1756,7.3,14.4921875,1026.878667,0.0,2.56,37.1,1.640333333,83.79208247,0.7850874,121.5555556,68.29979609,42,0,original
15.0,36.7,43.3258,7.61,13.20143885,343.0815824,0.0,2.78,36.7,1.764333333,78.07004245,0.715163484,101.1111111,64.01767668,42,0,original
20.0,22.3,43.5203,7.59,12.29391892,286.2956653,0.0,2.96,36.39,1.877333333,77.29887381,0.666000273,107.2328561,68.2334048,42,0,original
27.0,24.6,44.0166,7.84,11.9269103,299.0,0.0,3.01,35.9,1.9344,76.86295341,0.646118261,126.6433357,75.90909785,42,0,original
0.0,16.1,54.9198,6.662073621411452,18.45808114752324,802.8812089213352,119.37353018215988,2.09,38.57678884225914,1.511333333,88.65529582991027,1.000259202,58.0568,37.09460428803933,42,1,smote_smogn
2.25,35.5940336591339,51.80297239308913,7.15593002029395,17.71607504939722,929.3664873482236,61.04168361982559,2.1688839618865043,38.43576248639223,1.669165482048324,87.74415585672432,0.9605751926724458,65.64551864828636,41.3497057355323,42,1,smote_smogn
4.5,55.00247489997881,48.706468465806985,7.638100049197512,16.917762225622898,1047.8556553114545,0.6733450346391381,2.2672854542326526,38.26945773034059,1.8368770916263848,86.90108676667444,0.9139911588901964,72.67551134328687,45.52332495194276,42,1,smote_smogn
6.75,36.56944449558316,46.79571270183721,7.618568096982218,16.22619843740284,1127.6858352371903,0.8215673317070827,2.335773869357787,37.94555607231044,1.9125171435975767,86.15322989755155,0.8813500685421262,80.8145851278417,50.0012576723724,42,1,smote_smogn
9.0,17.641325375311858,44.980108245343565,7.586733550076299,15.662034618557156,1216.165058,0.0,2.4036036643484904,37.596106997208885,1.9832712554289975,85.7204217801194,0.845603217178779,89.85934336728964,54.7158462359328,42,1,smote_smogn
11.25,29.508709929058785,45.07135067259254,7.446765643049034,15.095801410227237,1113.3456402182824,0.0,2.4888538038306702,37.375056783452166,1.811113382467587,84.8072835847161,0.8147788183109749,105.34126868585032,61.58947960002322,42,1,smote_smogn
13.5,40.18673387824519,45.3313689183015,7.2971989686488605,14.476080305192994,1017.13640576073,0.0,2.5567173094416646,37.08022834796688,1.6394281809748563,83.65983939849653,0.785564668762177,121.3914096994889,68.17624343644722,42,1,smote_smogn
15.75,38.558187263723525,44.35414194346462,7.459764734831031,13.770769248181562,684.3440071349281,0.5511099975806292,2.685612185624248,36.91046252947581,1.696360890845265,80.87236561946222,0.745277484424286,111.3637646287028,66.2403619101484,42,1,smote_smogn
18.0,36.82889272074002,43.3258,7.602645466358612,13.214440805322404,354.20205664892256,0.0,2.78368550529633,36.69476840583001,1.7661756777934128,78.0867356216261,0.7154581527489096,100.37657537030438,63.77141312724541,42,1,smote_smogn
20.25,29.640803732243853,43.51162645221992,7.594094715431122,12.755397234561244,326.0787970030401,0.0,2.8643236840576645,36.54883469092236,1.819561203907703,77.7242521444246,0.689884084288683,104.00165514800295,66.08361287380163,42,1,smote_smogn
22.5,22.459910767589577,43.48083196833208,7.597595006094793,12.265591123074252,286.2956653,1.1276143692830376,2.965420425713208,36.3818334087068,1.8780843454567293,77.22668968649863,0.6611322020742726,107.18664240075483,68.1313877992091,42,1,smote_smogn
24.75,23.12150698041305,43.83425606222632,7.700693805466484,12.027389492633006,289.5035186314332,0.4101703162798537,2.994934768651045,36.14837562614767,1.9031020768270943,77.24248487076548,0.657031074326018,117.67527158977649,72.29252377224296,42,1,smote_smogn
27.0,24.4107965828491,43.9215351062481,7.836271401854578,11.9269103,316.50210325449393,0.6917155427296764,3.009963366036446,35.90744307164899,1.93965056836674,76.9051722774226,0.646118261,126.25886240552347,75.90909785,42,1,smote_smogn
0.0,16.4,58.4189,6.4,35.71875,388.0371001,59.60573477,1.6,57.15,1.102,89.77,1.0,34.3277,28.55178058,43,0,original
2.0,58.6,58.6796,7.76,32.44970414,579.6895703,16.0,1.69,54.84,1.560333333,87.56662448,0.908478156,34.5094,32.44577585,43,0,original
5.0,22.2,57.0309,7.62,26.43243243,603.3503691,0.0,1.85,48.9,1.349666667,86.98884758,0.740015606,67.2833,51.05078037,43,0,original
10.0,30.4,48.8505,7.19,19.53181818,232.0,0.0,2.2,42.97,1.494,81.980612,0.546822556,125.3333333,79.60246758,43,0,original
15.0,33.9,40.8549,7.5,15.088,148.0,0.0,2.5,37.72,1.671666667,78.84199643,0.422411199,121.7777778,83.55512661,43,0,original
20.0,25.6,41.1559,7.36,14.17358491,59.15199697,0.0,2.65,37.56,1.172666667,77.95597023,0.396810776,165.3875412,100.0022276,43,0,original
27.0,27.2,40.5338,7.74,12.60958904,54.0,0.0,2.92,36.82,1.7788,77.53785754,0.353024365,144.5693692,94.49455931,43,0,original
0.0,16.653895680829912,58.27244862920728,6.4,35.71875,387.4665534086771,59.60573477,1.6012784363099175,57.04409204842171,1.1027186084344769,89.77,0.9928200042077984,34.3277,29.271578615948357,43,1,smote_smogn
2.25,37.645865144470136,58.6796,7.08257680667743,34.253789835955175,478.3170310481184,37.65503893676361,1.628404236199239,56.26716999283007,1.3357559456083277,88.64093322397036,0.960535625437628,34.63014304242079,30.599749201799924,43,1,smote_smogn
4.5,58.6,58.45323792747426,7.76,32.57867128641428,573.3762175947695,15.893326245006724,1.6999906806014362,54.92726669131719,1.5592053545836022,87.67234061804609,0.9034172062373088,34.3277,32.722467757726626,43,1,smote_smogn
6.75,40.05388717950217,57.91901866903868,7.689161144639557,29.22919044157177,600.7360238047587,7.817346714561403,1.7760994011647622,51.31666623746665,1.453964653470538,87.1962585426444,0.8354955915916675,51.159670724362606,41.59238732831326,43,1,smote_smogn
9.0,22.500197973600734,57.08916236028305,7.608766240374917,26.40461677506457,602.417680577213,0.0,1.84174422438584,48.82636645223632,1.3428705714333486,87.01363138660331,0.7377704985520122,67.59602200353449,51.00967129646868,43,1,smote_smogn
11.25,26.146517217121005,53.11925925861416,7.412080359510201,23.33009785642139,419.49007036953344,0.0,2.0308932091570915,45.72546647282728,1.4256000695139126,84.61587508410561,0.6532067195566769,95.44495727180396,65.30102444126888,43,1,smote_smogn
13.5,30.298884617833988,49.06521388863612,7.177689693177052,19.44916450036971,228.7785760536133,0.0,2.2009940082619077,42.848920731337984,1.4937256496124924,81.91690649863095,0.5405429518620609,125.70805005846417,79.75608721723769,43,1,smote_smogn
15.75,32.01051011112706,44.83144832341784,7.334286050342641,17.199351393395403,191.340500928154,0.0,2.3410059500233458,40.32308934958909,1.593295835351694,80.38453845210432,0.4893219479262425,123.3020464267216,81.42378357799058,43,1,smote_smogn
18.0,34.0879516988776,40.936942966435225,7.498764059251358,15.115954150080256,154.09444941439267,0.17499795056143,2.4819686176669,37.77359845589605,1.6702203627030177,79.05343741921334,0.4247039947226892,121.11369262198802,84.256953816611,43,1,smote_smogn
20.25,29.714312938120152,41.27839590695382,7.431744950424913,14.55401079431493,100.85201835218048,0.0,2.577820623878188,37.67956745999948,1.4224825747721632,78.44175206786578,0.4134546536558334,144.32965725190687,91.58323065637852,43,1,smote_smogn
22.5,25.69561779516033,41.145818264126845,7.362926307101118,14.043511562205012,61.067146113607606,0.0,2.642919981969855,37.72317631950007,1.1746157391186762,77.91033398434321,0.4012521640984831,164.65039487646268,99.10805716765942,43,1,smote_smogn
24.75,26.415065124138657,40.67989090292292,7.549541632238468,13.31238585829555,54.0,0.0,2.7947602687558217,37.28637292414116,1.471803483457943,77.81927453951,0.3726338644094725,154.54520598184837,98.68493781594452,43,1,smote_smogn
27.0,27.18113570108005,40.5338,7.752197653232612,12.844268663678791,62.447889218824365,0.0,2.92,36.907009398952205,1.7788,77.53785754,0.353024365,144.6377252103686,94.3230994043782,43,1,smote_smogn
0.0,14.0,56.1173,6.51,33.67836257,418.0,64.71525289,1.71,57.59,1.187333333,89.45495714,1.0,44.0898,31.99367155,44,0,original
2.0,55.2,58.5424,7.83,30.40106952,674.3327655,1.0,1.87,56.85,1.670666667,87.51491647,0.902688468,42.0683,35.35315156,44,0,original
5.0,31.2,58.9828,7.33,28.03703704,548.9305319,0.0,1.89,52.99,1.771333333,86.52228108,0.832494067,60.7063,44.86191831,44,0,original
10.0,23.2,48.4975,7.22,20.89908257,267.3670263,0.0,2.18,45.56,1.448,82.4704142,0.620549248,114.2222222,72.59969154,44,0,original
15.0,22.2,47.1163,7.27,17.11297071,106.4735945,0.0,2.39,40.9,1.747666667,81.07031778,0.508129535,64.66666667,59.83199651,44,0,original
20.0,23.4,40.2084,7.42,14.22932331,82.81279576,0.0,2.66,37.85,1.535,79.76575572,0.422506388,151.7830351,94.13030387,44,0,original
27.0,24.0,39.7129,7.75,13.29577465,75.0,0.0,2.84,37.76,1.6844,78.02208614,0.394786849,106.5292432,79.33484696,44,0,original
0.0,14.0,56.14284529166563,6.51,33.67836257,417.5210964142384,64.44240853228044,1.7164853408317908,57.59,1.187333333,89.45495714,0.9983463700076024,45.13496988808937,31.99367155,44,1,smote_smogn
2.25,34.312295714418575,57.69911936282911,7.174600069277143,32.053431021712754,541.8890861732305,33.90508366360547,1.7874460044006049,57.3821059338542,1.4253663162719314,88.42590542394353,0.9467317813849184,43.1984170977036,33.59374685993745,44,1,smote_smogn
4.5,55.020694466562006,58.4648908775454,7.83,30.47658927284436,674.3327655,1.2499568416765716,1.8840280162319076,56.951180895224816,1.67310190961233,87.53953646707016,0.9083181276931884,42.0683,35.91566470639654,44,1,smote_smogn
6.75,43.15405179163332,58.9828,7.590954826128441,29.33488547663938,615.9145237795356,0.0,1.883668260032401,55.12101382958951,1.7202010738433402,86.92092338344112,0.874629273069657,52.688159504866704,40.02480485073722,44,1,smote_smogn
9.0,31.11787368053068,58.62681415512272,7.324843574834222,27.688056999665136,558.609501964784,0.3797341816148464,1.9011345316559911,53.250838204749584,1.771333333,86.41336007859915,0.8302430460797278,60.28521252658852,44.39060866584877,44,1,smote_smogn
11.25,27.306180877930466,53.82371020335199,7.264172689822408,24.400004841397315,410.9509798127656,0.0,2.0291749022243937,49.510557643278126,1.6089425252735288,84.50891056028614,0.7258402260461772,86.68624844794637,58.54853897304326,44,1,smote_smogn
13.5,22.80185816470813,48.59205767844301,7.222363251582835,20.88622425521416,270.70321264995755,0.0,2.176871742313783,45.548829994939766,1.446110892648002,82.50116431893791,0.6142579280969533,114.64021184017334,72.08439271464836,44,1,smote_smogn
15.75,22.592434181731065,47.86147644265729,7.237742607845923,18.963366961221613,186.90113245767512,0.9506808204143052,2.2868347372792144,43.370021165927554,1.5981935139969,81.7277620043785,0.5666291355046801,88.54001001302353,65.32237890753227,44,1,smote_smogn
18.0,22.4823671202514,47.18044203369264,7.27359073442941,17.062272813375863,113.3145587931656,0.6169755074449057,2.386571241859083,40.85374546486749,1.743493379420951,80.98532295824754,0.5170313633273738,65.37698008539563,59.75974025290326,44,1,smote_smogn
20.25,23.09024273515114,43.73878551009726,7.331150319724584,15.82343780113149,97.11827578164105,0.7446534563572506,2.5328245871740918,39.36655108962968,1.64103850237786,80.35912416664318,0.4693646400349406,107.4242421480048,77.02210658753651,44,1,smote_smogn
22.5,23.744020144151737,40.291668544959535,7.4268277319662195,13.979282369166738,81.97840510631032,0.0,2.667973377922055,37.92437114701294,1.5410680344209138,79.83272188076562,0.4319923495268721,151.7830351,94.13030387,44,1,smote_smogn
24.75,23.78126598702261,39.91233291193154,7.585962608552668,13.720450942486838,86.98807346399357,0.0,2.748214635539568,37.76,1.6060253682773105,78.9614004414937,0.4069724903074506,129.37616327005273,86.92397129822906,44,1,smote_smogn
27.0,23.86462667870749,39.7129,7.73793389440561,13.29577465,75.0,0.0814920031886438,2.84,37.81720791362407,1.6887690779080746,78.07037105652033,0.394786849,106.71330435527788,79.58655797102654,44,1,smote_smogn
0.0,14.8,55.4899,6.64,33.67836257,389.0,64.71525289,1.71,57.59,1.217333333,89.57,1.0,46.1073,32.70499544,45,0,original
2.0,48.0,58.9822,7.76,30.40106952,799.0,14.0,1.87,56.85,1.723333333,88.08697241,0.902688468,33.7005,32.40285857,45,0,original
5.0,44.9,57.9922,7.34,28.03703704,525.2697331,0.0,1.89,52.99,1.630666667,86.7610757,0.832494067,58.5517,44.10225612,45,0,original
10.0,22.3,47.1486,7.2,20.89908257,132.5004732,0.0,2.18,45.56,1.203,83.48798211,0.620549248,88.22222222,63.43269212,45,0,original
15.0,21.2,45.1087,7.36,17.11297071,92.27711528,0.0,2.39,40.9,1.508333333,79.45849978,0.508129535,80.66666667,65.47322692,45,0,original
20.0,22.3,40.2109,7.45,14.22932331,73.34847624,0.0,2.66,37.85,1.407,79.18003731,0.422506388,158.9778044,96.6670133,45,0,original
27.0,25.9,40.352,7.83,13.29577465,69.0,0.0,2.84,37.76,1.7323,78.27022796,0.394786849,138.2216884,90.50887105,45,0,original
0.0,14.801374090590516,55.37496190560662,6.646258437382311,33.61834629480584,395.3072852601838,63.72272996615842,1.715061678038352,57.27052348205289,1.2149636273235374,89.57,0.9924287157986584,45.90775287096139,32.62743091359943,45,1,smote_smogn
2.25,31.31387951165756,57.09908329779692,7.20458921788713,31.999862100765828,589.1835255346917,39.36411445051959,1.7919791133624048,57.502730962356814,1.4714567096304727,88.89707644564275,0.9546876687232838,40.88811306749817,32.40285857,45,1,smote_smogn
4.5,48.0,58.9822,7.763003553109271,30.46736628274356,799.0,13.713895111861348,1.8718022434555432,56.71683769636672,1.7190839308909849,88.00822216099606,0.901160881947708,33.7005,32.42201627166323,45,1,smote_smogn
6.75,46.60284434040857,58.415872243930586,7.542808794885344,29.156640988268432,662.469043970765,7.537744954675799,1.8683628697596504,54.80793167591628,1.6765924890093429,87.35985188678112,0.8619186279791824,47.38736548606354,38.4212027222131,45,1,smote_smogn
9.0,44.55799294653817,57.82328268477271,7.343659865310381,28.054598107634867,521.328834843908,1.1284173778836637,1.8979296713854743,53.16606341668076,1.6302953104954483,86.70408342215774,0.8284039346291446,58.92524877916579,43.5465575999504,45,1,smote_smogn
11.25,33.86541268411556,52.6350738276135,7.2706603419159,24.24861612434311,323.4565754804805,0.0,2.0358051312575647,49.56277999951156,1.4157800239126102,85.28381202366751,0.7210972689089609,71.8709082116462,54.37994203933659,45,1,smote_smogn
13.5,22.394493281603506,47.24464685651712,7.207301015889739,20.778861552288102,137.5483840727675,0.0,2.1792468993607925,45.32210103411306,1.204286634739956,83.52995304102828,0.6150524281729447,88.31259660047125,63.896865155020535,45,1,smote_smogn
15.75,21.42475911839497,46.22562003457285,7.284666097723115,19.10077686271641,109.35492587808476,0.0448172238021846,2.2805179274075464,43.08161698727344,1.3523010078976667,81.51150553044717,0.5645990455515412,84.68938655798783,63.81965169896653,45,1,smote_smogn
18.0,21.211719687838052,45.06928375204258,7.363180663916171,16.93529809362497,91.76021287223872,0.0,2.384073134604728,40.76302142024301,1.5053797880547213,79.48874666922677,0.5064709364827377,81.55765481669391,66.10379741212101,45,1,smote_smogn
20.25,21.96752760404864,42.6967750791965,7.395266818445187,15.851063001021036,78.13967489954405,0.755927051243975,2.52736934200279,39.52006726670646,1.4591301054101735,79.21018609899782,0.4667505888490806,121.32292134118102,80.92777910289665,45,1,smote_smogn
22.5,22.04479958393512,40.2109,7.44948566344436,14.370052616017205,69.55245665297504,0.6390643737636154,2.646936949413782,38.10436884320872,1.4114852972376324,79.3401097004216,0.4296936644798205,158.9778044,96.3076032806603,45,1,smote_smogn
24.75,24.38957628073532,40.52474107875759,7.636775925243691,13.723809409362934,70.53022205652486,0.3318335832718587,2.7558961134001416,37.76,1.5695737529768914,78.76470805066208,0.4080912531089636,148.96301772030716,94.0862176012263,45,1,smote_smogn
27.0,25.582034973175386,40.51821365445072,7.83,13.728871990737648,70.96956753788878,0.0,2.8321277581297437,37.97954736224252,1.7323,78.32995272370903,0.394786849,138.77935258266973,90.4853005088411,45,1,smote_smogn
0.0,14.6,55.4687,6.63,35.65454545,350.1798221,49.78096376,1.65,58.83,1.152,89.13591496,1.0,39.5102,30.37901037,46,0,original
2.0,59.4,57.9158,7.74,33.07142857,812.0,2.0,1.68,55.56,1.645,87.35490245,0.927551541,26.27,28.74258617,46,0,original
5.0,40.8,56.8008,7.32,26.21538462,522.9036532,0.0,1.95,51.12,1.514333333,86.82051282,0.73526066,73.3899,53.40280761,46,0,original
10.0,17.6,45.5358,7.23,17.7519685,179.8220708,0.0,2.54,45.09,1.387,84.90759754,0.497887949,148.2222222,89.72033692,46,0,original
15.0,20.2,40.388,7.42,14.92424242,146.6969525,0.0,2.64,39.4,1.519,83.511977,0.418578956,118.2222222,82.46188843,46,0,original
20.0,20.7,40.3495,7.53,13.86545455,108.8396744,0.0,2.75,38.13,1.631666667,81.73281583,0.388883223,119.6669291,84.21394172,46,0,original
27.0,24.1,40.4336,7.83,13.26923077,98.0,0.0,2.86,37.95,1.7271,78.10617993,0.372160985,130.6194955,88.77534229,46,0,original
0.0,14.6,55.54250447618552,6.635099349346915,35.49141551882555,346.30212159651273,49.69370476938011,1.65,58.73115597686371,1.154290011336922,89.08789965620508,0.9969742402823176,40.46294199241806,30.461180627591546,46,1,smote_smogn
2.25,37.64346978999112,56.8015353774821,7.183234659179571,34.45698807090851,580.8923674079884,25.8427487606346,1.6505661853724074,57.38268360081928,1.40057412519627,88.18550210874714,0.9651966766245926,32.60381020145931,30.519234648538937,46,1,smote_smogn
4.5,59.38887344242696,57.9158,7.74001444944462,32.820576499697026,812.0,1.984379276864317,1.6705062736045224,55.42800203417532,1.6404288087478556,87.38879987153763,0.9298433941964608,27.218860568819924,29.2309739752149,46,1,smote_smogn
6.75,50.07162547823177,57.34633183244356,7.52496749942297,29.40314751261342,659.7259924547672,0.4023725409949465,1.8119794619945808,53.258426502973535,1.580168915072754,87.0232144367145,0.8288069777718015,50.042721054517074,41.03590814819269,46,1,smote_smogn
9.0,40.876805998631,56.95759553022527,7.313205400887694,26.296130056116585,516.2258006955406,0.0,1.945875250263436,51.33984887107524,1.5169079898628175,86.93740752346507,0.7315153300627532,72.77558161165403,53.32387332289436,46,1,smote_smogn
11.25,29.2509185069466,51.04650677470295,7.276155966320695,21.92744552262551,347.76707212990044,0.0,2.2319853127248237,48.08662331277352,1.4541904488332298,85.92704691724033,0.6160103064242597,110.77103909064104,71.37951286732577,46,1,smote_smogn
13.5,18.023607321107068,45.677091781761526,7.231193779420588,17.55643639593941,176.52819557579411,0.0,2.5462296378050038,45.195345342126345,1.3888975970736706,84.98334770300359,0.5016553529971108,147.2876364327838,89.03780713149452,46,1,smote_smogn
15.75,19.04351131299933,42.952687801686245,7.323026322533077,16.49701654516515,166.8595217985745,0.0,2.59287480834522,42.20367958413684,1.4551555864111994,84.16589994447605,0.4575438171862208,132.0996797828489,85.85752892570473,46,1,smote_smogn
18.0,19.851618647348506,40.39440870638748,7.412681895283176,14.986358281035615,144.74373094606355,0.0,2.6344681818240785,39.12355995437127,1.517414599956715,83.52473242442281,0.4214079505868622,118.72832200843692,82.78801267972936,46,1,smote_smogn
20.25,20.27456574460729,40.37349795434796,7.47767630818591,14.038882157514353,131.2777379799056,0.0,2.693492811592176,39.12342983005181,1.571725592864075,82.55598207355239,0.4074568572370989,119.60989854396632,82.88710014712295,46,1,smote_smogn
22.5,20.702848224504063,40.44665239193738,7.52788437676523,14.025949187665768,114.01818131649728,0.0,2.740130687188571,38.096758975948354,1.6307541228361713,81.74665763206715,0.3879802606809087,119.63938797383884,84.07847868671084,46,1,smote_smogn
24.75,22.672774714644465,40.3495,7.675612217038092,13.38936945544649,106.04575280973046,0.0,2.812854652125501,38.06393980593286,1.675708880576105,79.8069246568301,0.3799934414303277,125.18297758101114,85.95378055331487,46,1,smote_smogn
27.0,23.69563357941519,40.565895387812695,7.83,13.26923077,98.0,0.0573150378725899,2.86,37.95,1.7249306358652663,78.17382985502748,0.3728122500341532,130.13848644835844,89.15525991407048,46,1,smote_smogn
